﻿Id,ProductId,UserId,ProfileName,HelpfulnessNumerator,HelpfulnessDenominator,Score,Time,Summary,Text
1,B003NDA970,A2AFK8D674G3MG,"Texas ""Grandma""",1,2,4,1235260800,Delicious Popcorn,"This is delicious popcorn -- lost a star because I use a hot air popper and many of them  ""jump"" out before popping.  Great flavor, great texture - tender.  I do not add anything even though I have purchased three different flavored toppings.<br /><br />Thanks,"
2,B003NDA970,A2C4A4BXGMNQ74,B. Dube,1,2,1,1210118400,Baby White Popcorn,"This ""Baby White"" popcorn pops small and somewhat hard.  I have tried several batches with various adjustments of heat, using a ""whirlypop"" popcorn popper.  Unsatisfactory results!  I won't purchase this again."
3,B003NDA970,A28CVWG4VU0REI,Charlotte Lloyd,0,1,2,1253145600,great popcorn  terrible price for shipping,wE LOVED THIS POPCORN  BUT COME ON  SHIPPING IS WAY OVER THE TOP  WE WOULD SETTLE NEXT TIME FOR SOMETHING WE CAN BUY BUT NOT SPEND 3 TIMES ON SHIPPING
4,B003NDA970,A3RNQY7LS0HUYW,Karan Granda,3,7,1,1232668800,Amish County Baby White Popcorn not really in stock,"I can only go as low as 1 star on the review, though I'd like to rate it a ""0""- this item still shows in stock, but clearly isn't, which is why my order was canceled from Amazon today. Amazon suggested I search out the item again, and in doing so I see that this same vendor states the item is available. Not so.<br /><br />Technically this review does not relate to the quality of the product, just the ability to be able to ship it. Good luck!"
5,B004YUF9FS,A2Z38DS9VDP5D1,Sandu,0,0,5,1336953600,Yummy!,"Got this for like $10 on a warehouse deal. It was a bargain! I received them in early May and the label says best before June. At a rate of one can per 2-3 days, I don't think I'll have a problem finishing them off before June. (I know, I have a sweet tooth). All 4 cans had some dents on them but the condition of the gulab jamun inside was good. They were just as described - soft cheese balls (about 20 per can) in a sugar syrup with just a hint of cardamom. Warm it up a before eating for the maximum flavor and texture."
6,B00002NCJC,A196AJHU9EASJN,Alex Chaffee,0,0,4,1282953600,thirty bucks?,"Why is this $[...] when the same product is available for $[...] here?<br />http://www.amazon.com/VICTOR-FLY-MAGNET-BAIT-REFILL/dp/B00004RBDY<br /><br />The Victor M380 and M502 traps are unreal, of course -- total fly genocide. Pretty stinky, but only right nearby."
7,B00002NCJC,A13RRPGE79XFFH,reader48,0,0,5,1281052800,Flies Begone,We have used the Victor fly bait for 3 seasons.  Can't beat it.  Great product!
8,B000J2DQ46,A2TFLD78C0GRV2,Pompeia,22,23,5,1264723200,"In my opinion, the best clam chowder out there!  A perfect winter meal.","Bar Harbor clam chowder is absolutely fantastic!<br /><br />1. I am not usually a fan of soup out of the can.<br />2. I am really picky about my clam chowder.<br /><br />That said, I get this stuff in bulk.  There are several reasons for this, the first of which is the great flavor of clams and potatoes.  Second, I like the fact that the ingredients are all natural and, third, that one can adjust the level of creaminess and viscosity with what one adds to the soup (I like to use a mixture of milk and cream).  The fourth plus is that this soup contains neither bacon nor excessive amounts of spice or pepper - two things that ruin clam chowder for me.  I know bacon is popular with a lot of folks but I really just want to taste the clams when I have a bowl of New England clam chowder.  If you're like me in that respect, then I think you will like this soup too!<br /><br />p.s. As a child, I was a fan of Friendly's clam chowder (before they changed their recipe).  Bar Harbor is even better!"
9,B000J2DQ46,A18SPWHKMN5P86,"E. polus ""e.p.""",16,18,5,1270425600,"Yes, it's from a can...","I've definitely had a stigma against canned anything (and still do). Picked this up at the supermarket, drawn by the all natural ingredients (for once no MSG or really anything else I didn't recognize). It's really quite good, and especially so for coming out of a can. I can have excellent clam chowder -- and with a little milk and butter, exactly to my liking -- warm within minutes. One of the few canned goods I keep in my cabinet, and one of the most convenient and surprisingly satisfying meals always 5 minutes away.<br />Highly recommended."
10,B000J2DQ46,A39EW9DLVX70B9,A. Rose,9,10,2,1296432000,"I, too, am perplexed","I've just prepared my first can of this soup.  It tasted incredibly bland, and didn't have much clam flavor.  So then I added more milk, butter, onions, salt and fresh ground pepper, plus white wine.  For 2.92 per 15 oz. can, all of those ingredients should have been adequately added in there already, except for the pepper. Bar Harbor brand certainly didn't stint on the other ingredients in order to increase the amount of clams, that's for sure.  There were larger pieces of clams than in Progresso's - but that's damning with faint praise.  Next time I'll buy the clams and make my own, for less, probably.  I'm just perplexed by these reviews;  I think I can safely say Progresso's tastes better.  And, of course, it's much less expensive."
11,B000J2DQ46,A10317LUD1C1VJ,CSN,8,9,4,1252713600,"Bar Harbor All Natural New England Clam Chowder, 15-Ounce Cans (Pack of 6)",This is our preferred clam chowder . We like the natural taste with lots of potatoes. The only complaint is I think the soup can be creamier. Amazon has much better price on this with subscribe and save.
12,B000J2DQ46,A2TZQHJ0D0DDZ7,"Two_Ravens ""Two Ravens""",8,10,2,1295136000,Tasteless,"I'm a little perplexed by all the great reviews.  This was the most bland chowder I've ever had.  I prepared it with just milk and a little butter, and it tasted like nothing!  Added some salt and white pepper, still nothing.  Added some black pepper and Provence herbs, now it tastes like herbed potato soup.<br /><br />On the plus side the clams were nice big chunks and the potatoes were tender.  The consistency was pretty good too.  It just had no flavor.  Not going to be buying this again, certainly not when it's this expensive, too."
13,B000J2DQ46,A1MO9VC92CPW6B,Richard K. Bleiweiss,2,2,4,1293667200,Clam Chowder,"It's not as good as I hoped, but canned chowder never is. I added some butter, a can of chopped clams, and some milk - then thickened it a bit. It works great as a base, but not for me straight out of the can."
14,B000J2DQ46,A3DU7YZT9X1DOV,Cynthia Fisher,6,8,5,1285804800,Clam Chowda Pizza! It's Awesome! And Simple to make!,"<a href=""http://www.amazon.com/gp/product/B000J2DQ46"">Bar Harbor All Natural New England Clam Chowder, 15-Ounce Cans (Pack of 6)</a>Using only four ingredients, prepared or fresh pizza dough, your favorite pizza cheese blend, cooked, crumbled bacon and a 15 oz. can of Bar Harbor New England Clam Chowder, you can be the star chef at your next family gathering, tailgate party or any event where people love pizza!  President & CEO of Bar Harbor Foods, Mike Cote, prepared lots of this fabulous new pizza at a demo at Metropolitan Markets in Seattle this summer. People liked it so much, the store sold out of all the ingredients during the demo!<br /><br />Easy to Make Instructions:<br />Preheat oven to 450.<br />Spread Bar Harbor New England Clam Chowder right from the can onto the pizza dough.<br />Sprinkle pizza cheese to your desired coverage.<br />Sprinkle cooked, crumbled/chopped bacon to your desired coverage (we like lots of bacon!)<br />Bake pizza for 12-15 minutes until bottom of crust is golden brown.<br />Remove from oven and let set for 5 minutes before cutting.<br />Prepare to be amazed!<br /><br />Please follow Bar Harbor Foods for delicious recipes using our great Chowders, Bisques, Seafood Sauces, Fish and Seafood Stocks and Clam Juice.<br />Please follow us on Facebook and Twitter. Simply login to each and find us with ""Bar Harbor Foods"".<br /><br />We hope you enjoy - let us know what you think!<br />~ Bar Harbor Foods"
15,B000J2DQ46,A1EE44Y697L7W5,I. Reed,3,4,3,1291852800,Decent canned clam chowder,"I've had better canned clam chowder.  Bookbinders is one that comes to mind.  I don't buy the ones with preservatives or a long list of ingredients, so my choice is limited.  For this one, if I add just half a can of milk and a pat of butter, along with some extra sea salt, it's ok.  The longer it is gently heated -- not simmered or boiled -- to let the flavors mingle, the better it becomes.  More clams and potatoes would improve it.  As it is, the ingredients were skimpy."
16,B000J2DQ46,A2I5ZNKQ9E3XAO,christine orowitz,5,7,5,1277683200,Bar Harbor News England clam chowder,This is the best clam chowder ever. Come originally where this is produced and was so happy when I found it on line. Keep this in my cupboard at all time. Being an old Maine girl this is my favorite chowder of all times.
17,B000J2DQ46,A12RKJ0BEVQN7T,Rockthrowingbuddhist,4,6,5,1291680000,Possibly the best canned clam chowder available.,"The best canned clam chowder I've found currently available.  Very light, nicely seasoned, creamy taste.  Not fishy or oniony.  Good amount of minced clams per serving.  To find better chowder, it would have to be homemade."
18,B000J2DQ46,A3U2QAY7SVE9AI,W. Smith,2,3,1,1304812800,"What Is This ""Stuff?""","Bits of ""Clam?"" (not sure) in water with something I assume is potatoes. Whose recipe is this? save your money get something worth having. How do so many like this?! It's awful! If you prefer REAL Clam Chowder and not seawater with something floating in it DO NOT buy this!"
19,B000J2DQ46,A1C9ZMX4KYBSQJ,Drewdini,0,0,5,1350950400,Simplicity at it's best,"This is clearly the best canned clam chowder I have tasted. It is refreshing to have a canned soup without all the unnecessary preservatives and artificial flavoring. The can is supposed to be ""Condensed"", but if you like a hearty thick soup, it is better just heated without adding milk or water. The clams are perfect, and not over cooked. I will order again, and look forward to trying out some of the other products they have on Amazon."
20,B000J2DQ46,A1KQXW948J6Y5Q,TeamTQ,0,0,2,1346457600,Not very good,"My local store had the product lineon close-out at 77 cents a can so I bought a dozen cans of different verities. Lobster soup was very fishy for starters and the Manhattan chowder was very watered down.  The New England chowder is somehow creamy and void of flavor.  The Clam corn chowder was not enjoyable.<br /><br />  I am real soup eater and take soup at least once a day and always when I dine out.  Long story short... This is the most tasteless soup and just not good.  I suggest you pass on this and I am sure Cambells will be a much better choice than these soups... Sorry, I had leave an unfavorable review bit this soup is just not worth eating and 77 cents a can I would never buy this again"
21,B000J2DQ46,A2YX2F3H3689BM,"Old Time Hockey ""Old Time Hockey""",0,0,2,1332201600,Nothing Special,"I expected better from a premium Maine chowder. This is no better than, say, Snow's, which you can get for less than half the price. Not bad, but not worth the money."
22,B000J2DQ46,A1ZYMCWNR650SP,JPortland,0,0,1,1330387200,Bar Harbor where are the clams????,We opened a can of Bar Harbor clam chowder and could not believe how few clams were in the chowder.  There were mostly potatoes.
23,B000J2DQ46,A3N6UNUZKRAHE7,vroywarren,0,0,5,1327363200,the best,"I used to be a buyer at a natural/organic grocery.  This is the best soup I have ever had in a can.  I am very picky about my clam chowder soup as my favorite is The Ritz Carlton's clam chowder.  Just add butter, milk/cream, and black pepper.  Have some fresh corn bread and butter and you are in heaven."
24,B000J2DQ46,A1HZC6PQM11NKX,lh,0,0,4,1327190400,will buy again,"For canned soup this is very good clam chowder.  Those who give it 1 or 2 stars are comparing it to homemade soup or restaurant style soup.  I would buy this any day over other brands.  You can tell it is all natural and without loaded msg, salt and other nasty ingredients.  Pure and clean soup.  Those who rate it badly, some say it has no flavor or there aren't chunks in it.  The flavor is mild, but that is good- not overwhelmingly clammy and not over salted like conventional brand canned soup.  If I want to, next time I will add a potato cut up in chunks to boost it's contents- not a big deal to do.  I would prefer to do that than buy a conventional brand that doesn't care about healthy ingredients and sourcing of ingredients.  I will buy this again- good source of iron as well."
25,B000J2DQ46,A1GI3BJABWHOIB,"Sandra L. Young ""slyfoxqh""",0,0,4,1326931200,Clam it up,Even though the chowder is very very good as is - I add a can of the Bar Harbor Chopped Clams to it - along with a can of heavy cream and a huge pat of 'budda' ....<br /><br />yummy ...
26,B000J2DQ46,A2CSSSC88DWO3A,"WC ""WC""",0,0,1,1322611200,Rather Have Chunky,"Tried this yesterday as a ""treat"" on a cold, rainy fall night.  It had an unpleasant, grainy and somewhat watery texture.  The clams were actually sandy and gritty and the potatoes were kind of chalky, for lack of a better term.  The flavor was also very lacking...it didn't really taste like, well, anything.  Definitely not worth the price.  I can only imagine the people who wrote the good reviews either work for Bar Harbor or have never tried any other kind of clam chowder."
27,B000J2DQ46,AE6ONNM9IAWU8,Joyce Maggard,0,0,3,1322524800,Bit of a disappointment on two fronts,"We had high expectations for this product but the chowder was only average.  Warming instructions are vague as to the amount of milk and/or butter to blend in with the soup mix. We found the flavor to be bland and one dimensional, even with as little as 1/2 cup of added whole milk.<br /><br />The package of six cans contained three dented cans.  Two of them were severely dinged on the seamlines and had to be tossed.  For this reason, we will no longer purchase can goods through the mail."
28,B000J2DQ46,A1FULACHND6DCH,jwyres,0,0,3,1311120000,Can't find the clams,"I just finished my first bowl of this clam chowder, and was disappointed to find, or rather, not find, clams. Don't get me wrong -- the soup was good, with a very nice texture and taste, but the clams were AWOL. Several times I bit into something that provided a small burst of clam flavor, but only once did I find a clam fragment big enough to look at. I'm going to buy some chopped clams to kind of ""chum"" a bit. This, of course increases the cost of the meal. I'm going to try some other brands as well.<br /><br />I do hope that Bar Harbor does some testing. The label shows clams as the most prevalent ingredient, but I don't see how that can be -- my money is on the potatos."
29,B000J2DQ46,A354969G32Q0N8,"R. Rigsbee ""RAzzLE""",1,2,5,1306108800,Best Canned Chowder,"I adore this chowder because it uses natural ingredients and not harmful fillers like MSG and partially-hydrogenated oil. Most importantly, this chowder tastes MOUTH-WATERING GOOD and is bursting with flavor. I use whole milk and add a pinch of pepper, and this aromatic chowder is devoured in minutes. If you have not already, definitely give it a try."
30,B000J2DQ46,AVFA1JB08RG8G,"Wile E. Coyote ""^. .^""",1,2,5,1299196800,Clam 'Chowdah' Hog Heaven!,"Unless you've got a clam roller somewhere on your property, I doubt seriously that you could whip-up a better bowl of chowder! The clams were tender, fresh, plentiful, and remarkably non-gritty. The 'taters' were tasty and not overly done. I would recommend that they cut-back a bit on the tapioca starch and add some medium cream, instead.  I like to add some diced Vidalya onion or red bell pepper. Stir in some milk, butter, and black pepper, and you're on your way to a delightful meal."
31,B000J2DQ46,A2XNJJ9TF70P4J,Angie,4,7,3,1294704000,Best canned Clam chowder I've ever had,"...........but still not that great. It's bland. Even when I added salt, pepper, milk, and butter, it didn't taste like the best I've had. But at least it's edible, unlike every other canned clam chowder out there. If I can find a way to make this taste better than I'd love it. It's the best CANNED clam chowder I've ever had, but it's not that great. The clams taste good.<br /><br />EDIT: I had a 2nd can and I made it today, I added only a little bit of milk and I added NO salt, pepper, or butter, and it actually tastes a lot better than when I did. So I suggest adding nothing but some milk or cream to this soup. It's still not the best I've ever had though."
32,B000J2DQ46,A24UY2BFLGK163,Peter Besenbruch,2,4,4,1318291200,"Lacks Certain ""Key"" Ingredients","This soup lacks the key ingredients that make a canned clam chowder great: Partially hydrogenated vegetable oils (soy/cottonseed), dehydrated potatoes, modified starches of all kinds, hydrolyzed corn gluten, MSG, potassium chloride, sodium phosphate, disodium inosinate, disodium guanylate, and succinic acid. What good is a classic New England clam chowder without these classic ingredients?<br /><br />Instead, the first ingredient listed is: Clams. Next you'll be telling me it's got butter in it (it does? Oh.).<br /><br />On a more serious note. Bar Harbor makes a good tasting clam chowder. The first list of ingredients came from Snow's and Campbell's condensed New England clam chowders. This Bar Harbor stuff is worth it."
33,B000J2DQ46,AG87QQG78D99S,wakako,2,4,3,1298419200,"Not great, not bad",I was really excited to try clam chowder from Maine but it did not wow me.  I think Campbell's might even be better....
34,B000J2DQ46,A3KUC5K5VSJNU9,"Grranimal ""Fuerkraft""",1,3,5,1295136000,"Very Good, Lots of Clams and Natural Recipe","Good flavor and not too rich--fewer fat calories than the standard fare. It's not loaded up with canola oil like Campbell's and Progresso, so you can add a little quality EVOO like California Olive Ranch, or even butter for a healthier brew if you prefer it that way like we do. I also add a little half and half, and saute some Hormel Bacon bits with red onion and garlic to add complexity to the flavor. I was impressed. I usually also add some Gorton's Wild Pacific Salmon (frozen, in most markets) to basically make it a healthy fish chowder."
35,B000J2DQ46,A27COOQH0XCAB2,Drakonian,6,12,1,1291161600,Dropped from a plane?,"One perfect box. No rips, tears or gouges. Inside the box? 6 badly dented cans of chowder that looked like they fell out of an airplane. Every single can! Very disappointed. Should I return them all? Is the chowder any good? Was this a joke? I rate this 1 star...for the unblemished box."
36,B000J2DQ46,A1CMQNAZBT5DLV,BruceW,0,2,4,1301616000,MMMMMM,very good clam chowder.not as good as being in Maine in a restaurant but much better then other canned chowders
37,B000J2DQ46,A20IYCN35Z1DKM,leon,1,4,5,1297728000,bar harbor clam chowder,"bar harbor clam chowder is an excellent product. easy to fix and has tremendous flavor, nice amount of clams and potatoes. you will enjoy this product very well !"
38,B00408CX8A,A3POAWC2JPQQQP,me,0,0,4,1338940800,I love cashew butter!,"This arrived earlier than expected, which was great! However, for some reason, this particular product smelled a little like ""fish food"".... but no worries, still tasted like great cashew butter, just the smell was kinda weird - like fish food. Also, I wish this product was organic."
39,B000MBO4LI,AKZKG2Z7CNV27,BreezyPaige,0,0,2,1332547200,"Decent, but not great","When I first started to use IAMS Savory Sauce, my dogs loved it. After a few weeks, they don't seem to care too much for it anymore. They still get a little drizzle in their kibble every once in a while, and will eventually eat it when they are hungry, but they don't consider it to be a treat anymore. I still buy it once in a blue moon when it is on sale because of it contains vitamins and its decently priced, and low calorie. One big negative I have noticed about it is that their face is getting dirty from it. They are white dogs and this product tends to cause increased tear and around-the-mouth stains. I used to buy all different flavors of IAMS Savory Sauce, buy my groomer told me the chicken flavor is best as the beef and pork based flavors can cause an even worse increase in face staining. VitaGravy is a similar product that contains more vitamins, so if your must have some sort of gravy, I recommend VitaGravy a bit more. Or you can also just mix in some warm water with your dog food and let it sit for a bit before you feed it to your dog. This creates a ""gravy"" like texture and aroma that most dogs love. Not the greatest idea if your dog has dental issues, but a great free solution for picky eaters."
40,B000MBO4LI,A3PB7JJL4CSQOA,HM,0,0,3,1301097600,Dog loves this stuff but...,"Our dog loves this stuff. I bought it for a occasional treat since he only eats dry dog food, I thought it would be a nice treat for him to have a lil something extra every now and then. But this stuff stinks really bad like dirt, it makes the whole area where the dog eats smell like we just opened and bag of soil in the house. If they could improve the smell of it, that would be awesome, because our dog just loves it but we can't bare the smell of it."
41,B000MBO4LI,A1Q5SMJWFJI9EK,dcooper53,0,0,5,1297209600,My Dog really likes Iams Savory Sauce,"My dog likes the Iams savory sauce.  It helps to tempt him to eat when his appetite is off, and it's good for him."
42,B0081D0CU6,A1PMCKAH4UMFWJ,Gabriel B. Grant,0,0,1,1346198400,"Not full leaf, 1 pound, not 20 pounds","I ordered this Pack of 20 1-pound full leaf tea which looked like a great deal. Well....<br /><br />1st, it's not 20lbs of tea, I received only 1<br /><br />2nd, it's not high quality full leaf tea, but rather the ground tea leaves you'd expect from lipton<br /><br />Strangely enough, I ordered the non-decaf regular version and it arrived as full leaf tea and doesn't taste half bad. If someone receives something different than I or rather if someone receives what was advertised, I'd like to know about it. Maybe I'll try again."
43,B003JH91RO,A1DRKSQAJ16YZ8,Patricia Elliott,3,3,1,1274572800,USA Chicken Stix,"This was the 2nd time that I ordered the Smokehouse USA Chicken Stix. The 1st order had USA printed right on the bag, this one had a USA sticker over the China sticker.  In addition, the product looked entirely different. Obviously I am concerned. I pay more to ensure I am not feeding my ""fur kids"" products from China. If it happens again, I'll stop ordering all Smokehouse products on-line."
44,B003JH91RO,A2L1E2KQLL9BS1,"Breann Benti ""iolyte""",0,0,5,1340928000,MADE IN THE USA,I HAD READ ANOTHER REVIEW AND THE REVIEWER WAS CONCERNED ABOUT THIS PRODUCT COMING FROM CHINA.  I CALLED THE MANUFACTURER AND WAS TOLD THIS PRODUCT IS MADE HERE IN THE US.  MY DOG LOVES THEM!!
45,B003JH91RO,A2VHO3LINCOL62,"S. Perry ""suziquep""",0,0,5,1272758400,a favorite,"This is a new treat for our ""kids"". They are pretty picky eaters, especially my girl! They both love 'em. Glad I found this product. Reasonably priced too"
46,B003JH91RO,AUZDX389VTJ1X,"Lilly Bell ""shoelover""",0,0,5,1221436800,Happy Camper!,"I have a German Breed, G.Sheph. & he is VERY, VERY, PICKY! He loved them. He is such a happy camper. He wakes up in the morning & ready to go for his walks & comes home straight to his treat cabinet, he wants his chicken stix....thank you, finally something that my boy loves...."
47,B000F70Y7W,A36CJANFHL1F0B,KayeL,0,0,3,1346630400,Makes a good gift,"With the Prime shipping, this made a great last minute gift. It seems a little pricey for the amount of fish, but the quality was good (according to the person I gave it to). In the end, I think this is better than a fruit basket or something similar."
48,B003TIUM5S,AOCEJ4CKRF2C4,Lost Panda,1,1,3,1282348800,"great cereal, but too expensive online yet","I think pack of 4 for $25.00 is too much ($6.25 per box). I got them in Target for less than $3.00 sometimes. Also, maybe because of promotion, I got them for $2.80 or around that at Safeway. I will not buy this one online. TASTE is FIVE STARS, but price is ONE STAR."
49,B003TIUM5S,A2VQA1ORRDKRJ7,James McErlean,1,1,4,1277251200,Better Tasting Than Most Healthier (or High-Fiber) Cereals,"I eat a lot of cereal, and that includes a lot of the high-fiber kinds. Oatmeal, Mini (Frosted) Shredded Wheat and Raisin Bran are usually what I'd eat when I needed to lose a few lbs., but there have been a few instances where I tried the ""healthier"" options. I've tried several of the Kashi cereals, but they weren't very appetizing. The plain one had a cardboard taste. Next, I tried Grape Nuts, which is like a horrendous yeast flavored cat food (though it's closer to kitty litter in texture.) That brings me to FiberPlus Antioxidants.<br /><br />This Berry Yogurt Crunch is certainly one of the better tasting high-fiber cereals I've eaten. It's like a decent health bar broken apart into cereal. The clusters of yogurt really help, but even the plain cereal is decent enough on its own. Yes, there are 12g of Sugar per serving, but the 10g of Fiber and 170 Calorie parts more than make up for it. Especially if you compare it to Raisin Bran and Frosted Shredded Wheat, which are typically higher in Sugar and Calories, yet lower in dietary fiber. The antioxidants are a nice bonus, too.<br /><br />The bottom line is that I'll add this to my grocery list whenever it's on sale or the price is right."
50,B003TIUM5S,A3EZHMGGWY74HY,MommaMia,0,0,5,1285286400,BEST CEREAL EVER!,"Let me first say that I don't eat cereal as a general rule.  I just don't like it.  I don't drink milk EVER, so eating dry cereal isn't always a treat.  I purchased a box of this for my husband.  I ended up trying some because it just looked so pretty in the bowl....and I was HOOKED!  This cereal is tasty and healthy and I eat it everyday now with my yogurt.  I can't give it enough stars!"
51,B003TIUM5S,A2UZKTNE4POHTA,Chod101,0,0,5,1283731200,Love this cereal!,"I am now on my third box of this delicious cereal. I try to eat only high fiber cereals, mainly for nutrition but also because they seem to be more filling. This is now my favorite! If you purchase the fiber plus bars, many times they have a $1 coupon on the back (off one box of cereal)  I buy mine from Wal Mart @$2.68 and use coupon...great deal. Usually lasts me a week...I eat a bowl everyday.  Also, many times you'll find a $1 coupon on cereal box for fiber bars. They are pretty good too, especially the chocolate almond."
52,B0085G4ACA,AGITSM4KNGD73,Jeanne H. Kingsland,4,4,5,1279324800,Ambrosia.,"My daughter, living and working in DC this summer, introduced me to this product while home for a visit.  She encouraged me to give the plain version (just pure coconut water) a chance first, and by the second container, I understood the amazing qualities of this drink.  I felt so refreshed, hydrated, and healthy!  I later tried the kind with pineapple, which is also delicious, but I think the plain is more effective and purely refreshing when really hot, tired and thirsty, while the sweeter fruit infused version will be amazing as part of a cocktail.  Can't wait for 5:00!"
53,B0085G4ACA,A1P1DYV98MBXM4,C. Moeller,5,6,5,1299024000,Great coconut water in just the right size!,"This has been my favorite brand of coconut water of the ones I've tried. They use real fruit juice for flavoring, as well as it tastes good.<br /><br />We tried the smaller size, and they just aren't large enough to get enough water at the gym, and are not resealable.<br /><br />Things I like about this:<br /><br />* Perfect size for an hour long gym routine<br />* Resealable cap(smaller one lacks this)<br />* Tasty (Like a pina colada)<br /><br />Negative<br /><br />* Box makes it hard to get the last drops- usually end up squishing it up to get the last bit<br /><br />So great coconut water, perfect size, and cheaper than buying locally at sprouts with the Amazon's 'subscribe and save'!"
54,B0085G4ACA,AK5KVP6NX83XL,Elizabeth Urick,2,2,4,1297641600,Good taste,I like the slight pineapple flavor in this better than the plain coconut water. Good well chilled. Coconut water is supposed to be a healthy drink.
55,B0085G4ACA,A2N2UYF083BZW0,"Hydrangea ""hydrangea""",1,1,4,1327363200,"a great product, and convenient shipment","Love this juice. Scheduled shipment is convenient and economical. This is a very expensive beverage and any way to save some money on it, is worth it"
56,B0085G4ACA,A22HYNTJXQHP25,mariexpx,1,1,5,1312416000,Best tasting coconut water I have found!,"I have tried every brand of coconut water that health food stores carry, and this is, by far, my favorite.  The pineapple flavor does not overwhelm the coconut or vice versa. I also like the tetra pack with the screw on top- it is much more convenient than the smaller 11 oz size which you cannot reseal.  This has been a great Gatorade substitute for me, and helps a lot when I am sick or dehydrated or need to hydrate quickly. Great stuff!"
57,B0085G4ACA,A30H61RHU6KVWG,LauraKress,1,1,5,1280275200,like it,Shipping great and loved product. The boxes are a little tough because there is not a lid if you do not finish.  I suggest buy only little ones this way.
58,B0085G4ACA,A3HYF6WCIP4XXR,elena j,1,1,5,1278460800,"Hydrating, Refreshing, Great-Tasting Drink","I discovered Vita Coco a few months ago.  Of the flavors I have tried, I like the Pineapple best.  It tastes like a mild pina colada without the alcohol.  I love the idea of an all-natural hydrating drink that is low in sugar and high in potassium.  Whenever I am hot, thirsty or a little run-down, I find that Vita Coco Coconut Water with Pineapple really quenches my thirst, refreshes me, and gives me a little energy boost without added sugar or any artificial ingredients like the ones in Gatorade and other drinks aimed at balancing electrolytes.  An 8-1/2-ounce serving  has only 60 calories and 30 mg of Sodium (less than fat-free milk), with 515 mg of Potassium and 180% of the RDA of Vitamin C.  It's a little pricey, but if you can buy it on sale with free shipping, it's a great value.  Although I have previously purchased it on Amazon, I more recently bought it at GNC during Gold Card Week when there was a free shipping offer and a ""buy 2, get 1 free"" offer.  With a deal like that, it breaks down to less than 65 cents per 8-1/2-oz serving."
59,B0085G4ACA,AXYDMSXPFUHC6,"Sammie ""Sam""",1,1,5,1276128000,My favorite flavor!!,Pineapple is hands down my favorite flavor of Vita Coco! It not only serves a great electrolyte replenishing beverage (aka the PERFECT hangover cure) but it can also be made into a pinacolada if you just add some rum :)
60,B0085G4ACA,A30YFAW61JAIWC,kmw,1,1,4,1275264000,Just as advertised,"I really like this coconut water, but I was surprised that per 17oz box it's the same price at Wegman's.  Probably won't be ordering again unless there's some sort of discount."
61,B0085G4ACA,A3U5ZDYHUHGVUR,"Andre ""There you go~""",1,1,5,1269302400,Awesome tasting!,"Heard about this drink from a friend and had to try it. Had one while traveling and loved it!!! I sat on the plane enjoying it...I was thinking, I should bought another one!"
62,B0085G4ACA,A3NUID8RJCDDR9,"beechew ""beechew""",3,4,3,1341792000,Um package change from 17oz to 16.9oz??,I subscribe to this monthly but just got an email stating that it's changing from 17 oz. to 16.9 oz. - but no price change?  WOW that's a really lame cut to increase their profit margins.  Whatever I won't miss the .1 oz. obviously but how about messaging and acknowledging your devoted consumers.
63,B0085G4ACA,AGXQRV98SWUFO,"DMB ""btrue""",2,3,5,1246492800,vita coco,"I tasted the pineapple flavor yesterday at a friend's cocktail party. She used it to mix with rum to make pina coladas. It complimented the drink so well!! The bottles are really pretty to set up and hand out at a party as well =)<br /><br />I have been drinking Vita Coco for a while now and usually drink the 100% pure, but I find the flavors to be such a treat (yet still very healthy)! Especially after a long workout."
64,B0085G4ACA,A19TRCEMTGT6JC,Dan,0,0,4,1350604800,"I was addicted to this stuff for a while, but wore myself out","It's high-quality and the price is right, especially with subscribe-and-save via Prime, but after months of trying to keep up with my subscription, I had to put it on hold.  I'm not a big water drinker, but this stuff has a distinct flavor and when you're using it as a work-out beverage four or five times a weak it eventually wears on you.  Or me, at least. I'd still recommend it, just don't OD the way I did."
65,B0085G4ACA,AYLIRZL83YRAG,"Cynthia K. Kemp ""Cyndi""",0,0,5,1314835200,Yummy,Love the pineapple flavor. Makes me feel like I am on vacation drinking a pina colada. (You probably could add a little rum and.....)Really tastes better than other pineapple coconut waters I have tried!!
66,B0085G4ACA,A88MWW63NMS18,The English Lady,0,0,5,1313798400,Good for use in smoothies,"This product is a good addition to fruit smoothies.  It thins it out while adding good taste and electrolytes, which are good during the very hot weather."
67,B0085G4ACA,A7BIUZ4H7NA0Y,Jori A Brown,0,0,5,1313193600,Awesome,"I love this water! I started buying it after my Bikram yoga classes to rehydrate, and now drink it whenever I feel a little dehydrated.  Living in AZ, I tend to not drink enough water so these help tremendously and are delicious too!  Try them! You'll be hooked :)"
68,B0085G4ACA,A3QWO6TEQPUKZ2,Gregory L. Block,0,0,5,1312848000,Vita Coco Water is Awsome,Vita coco water is taste great by itself or mixed up in a smoothie. It is great for re-hydration after a workout and has more potassium than a Banana.
69,B0085G4ACA,A6C6N8DA1ROQI,J. Koontz,0,0,5,1258934400,EXCELLENT,IT SAYS ON THE BOX EACH DRINK CONTAINS: THE POTASIUM OF 2 BANANAS & MORE ELECTROLITES THAN A SPORTS DRINK. THEY MIGHT SEEM A LITTLE HIGH PRICED BUT GO TO GROECERY STORE BUY 2 BANANAS & 2 SPORTS DRINKS AND YOU WILL PAY MORE TO GET THE SAME NUTRITION YOU GET FROM 1 JUICE BOX OF THIS COCONUT WATER...
70,B0085G4ACA,AW70V7K6Y06JY,"Turiya ""O""",0,0,5,1258243200,Delicious and Rejuvenating,"Great before, during, and after a workout. Great natural electrolytes, Very high in potassium, amazing drink! This is my favorite flavor, tangerine is 2nd"
71,B0085G4ACA,A2TPR6CK4KGRP6,B. Teixeira,0,0,5,1254787200,great taste. nice fruit flavor. serve chilled,Great real coconut young coconut taste. Not the usual overwhelming sweet taste seen on other coconut water canned drinks.  Good on the environment. Made in Brazil. Even better.  You can really taste the fruit labelled on the product besides the coconut water taste
72,B0085G4ACA,A2YHXAZLCLDT8D,"Mark Smith ""Food lover""",0,0,5,1252454400,Vita coco is best,"Not only does Vita coco have the best taste ..much better than ONE<br />and slightly better than Zito, but now they have the best package<br />also!!<br /><br />This new screw top is great to take to the gym, hiking and biking.<br /><br />Coc water is the best re-hyrator and IMO Vita coco is the best.<br />I also noticed when I searched coconut water on amazon.com that<br />vita coco comes up number one, so others seem to think that vita<br />coco is number one also because they are voting with thier purchases."
73,B0085G4ACA,A2JBOCCC434IBZ,"Heather L. Koranteng ""HK""",9,14,1,1312502400,Nutritional content of this brand does not live up to what's on the label.,"According to an article on CNN.com on 8/5/11, the nutritional content of this brand does not live up to what is on the lable.<br />""Researchers at ConsumerLab.com tested the sodium, potassium, magnesium, and sugar content of three leading brands of coconut water, and they found that only one, Zico Natural, contained the stated amount for all four ingredients.<br /><br />The sugar and potassium content in the other two brands, Vita Coco and O.N.E., also matched the label. But the amounts of sodium and magnesium--two nutrients key to hydration--were as much as 82% and 35% lower, respectively, than the listed amount."""
74,B0085G4ACA,A2YJVYHFFYVWHF,Lindsey,1,3,1,1336608000,GROSS,"I bought this at a local gas station near my house and was excited to try it because I see it everywhere. It was nasty. I will never drink this crap again, I don't care how ""good"" it is for you. The taste is disgusting and I'd rather just drink regular water. Blah!"
75,B0085G4ACA,A3MSHDX7J6G57U,"D. Mutebi ""duet's mommy""",1,3,5,1272844800,So Addicted,I'm so addicted to these!!! You know the movie When Harry Met Sally? When I drink one of these it just feels like that famous scene in the movie... orgasmic!
76,B0085G4ACA,A3D1O13V1QMTVC,"J Smith ""J Smith""",3,8,1,1292025600,well ...,"This stuff is pretty disgusting.  I don't care if Madonna, Tom Cruise or whatever celebrity invested in the company and carries a container of it around for photo opps, it tastes bad.  And as far as rehydrating better than water, umm, don't think so.  It might replenish potassium, although, unless you are participating in the Olympics, you probably are not going to risk a potassium deficiency from physical activity."
77,B0085G4ACA,A186TK5S0LAZ7O,"Little Red Imp ""I.Y.A.A.Y.A.S""",1,6,2,1248739200,yuck,"I had hoped that this would taste like Pina Coladas but it doesn't.  It is rather nasty and left a film on my tongue.  I wanted something to drink after a work out or to give to my kids when we are traveling but it is to hard for me to swallow.  The reason I gave it 2 stars is because it is good in mixed drinks.  I have been able to add it to smoothies and drinks with alcohol.  If you are going to drink this straight, it helps if it is really cold....almost frozen.  If you really like the taste of coconut milk you might like this because that is the only thing I can taste in it,"
78,B004DP0CXS,A1R389ML0P163S,tynerj,2,5,2,1339804800,Amazon won't live up to their end,"The product description says 12 packs of 12 (144 count), but when you order, you only get a box of twelve.  I did this weeks ago, talked to Amazon, but they still haven't updated the product description."
79,B002BB8POY,A3N197JTY971TZ,"J. Le Blanche ""Novo-Andina""",5,8,5,1269561600,Safety Instructions for coca tea,"High quality coca products do not have a paper wraps since they can harbor dirt and bacteria and the printing ink can change or contaminate the delicate flavor of the tea bags.<br />Organic coca tea bags do not contain preservatives or additives; therefore they must be properly stored. All coca tea  Air Tight Bags are re-sealable with zip lock closures and once opened the bags must be kept closed at all time to avoid contamination in a dry, cool, dark place away from strong-flavored foods.  An extra airtight container is recommended when the tea is stored over one month.<br />Do not store coca tea  products inside a refrigerator if you have produce inside. Many fruits and vegetables, especially if they have been damaged, give off ethylene gas as they ripen. Coca tea bags are very sensitive to the presence of even very low levels of ethylene gas. The refrigerator acts as a trap for the ethylene gas given off by the generating varieties, allowing it to build up to damaging levels. Although not hazardous to humans, the ethylene gas leads to the early aging and rotting of the tea."
80,B000PSFKE8,A1K9X1CN4TJJAC,scopsowl,2,2,5,1327017600,My pug loves them but I got a different hartz treat.,"I got a bag with 25 oinkies, pig skin with sweet potato in the middle.  But my dogs like them despite the wrong item being received.  It's still made by hartz.  The description of this product didn't say anything about sweet potato in the center.  So unless they update the description & package image I got the wrong product.  I'm only happy because my doggies are. :P"
81,B000PSFKE8,AN5GCKW0I6028,"Melissa ""Ringbearer""",2,2,5,1325289600,My Sheltie Adores Them!,"These are a great snack for any dog who has food allergies to chicken. My 20 pound Sheltie loves them more than any other chew or rawhide that we have given her. I highly recommend these for any dog, especially one with food allergies."
82,B000PSFKE8,ABELBJHFUMT7F,Lori Trembath,0,0,5,1349136000,Great treats,I have an old english sheepdog. He absolutely loved the treats. It took him longer than I thought it would to eat through one so I could eat a treat in peace while he chewed on his. It was great.
83,B000PSFKE8,AV3NBPHD01PB5,Ron,0,0,1,1338336000,Wrong Product displayed for order,When I placed my order it was for Hartz Pigskin 10 pack with sweet potato center.  When I received the order it was Hartz Pigskin 10 packs but it was all pigskin and this is not easy for my dog to chew.  I contacted the company and they were very nice about the hole thing as they refunded the money to my credit card and told me to take the pigskin packs to a local shelter or SPCA.  They were also very fast in sending out the original product.  They told me that they forgot to change the photo from sweet potato center to all wrapped pigskin and they would do that.
84,B000PSFKE8,A2NCCSE043RS3J,sherri,0,0,5,1334102400,piggie skins,"My dog craves these...one each morning. She's never had digestive problems with them, unlike the beef rawhide bones which we wont give her. WE couldnt find them suddenly in any of the stores and i was soooo delighted Amazon had them! Right to my door quick!  thank you amazon!"
85,B000PSFKE8,A19JVXXO3NPNCH,Amanda,1,2,1,1330041600,Extremely Disappointed,"I emailed customer service and asked if the treats were filled with sweet potato, and they assured me that they'd checked with the manufacturer and confirmed that they did in fact have a sweet potato center.  However, the ones I received did not and I feel like I was lied to by customer service because they didn't want to take the time to actually check into it."
86,B001IZI8LE,A2J2UBSUZ81QWL,"covert camper ""sherman""",2,2,5,1307232000,my favorite sugarless flavor,"Wrigleys' 5 FLARE sugarless gum is Wrigleys' sugarless replacement for their ""Big Red"" cinnamon gum. 5 flare seems to be difficult to find in stores. Thanks to Amazon I always have a supply. 5 FLARE is also the longest lasting gum I have ever experienced both in flavor and durability. It is positively the best cinnamon flavor currently on the market."
87,B001IZI8LE,A2VZAN2ZWBSHD6,Joe,1,1,5,1301356800,Love this gum,I love this gum.  It is very dishearting that it is so difficult to find.  I was hooked on the Cinnamon Extra until that went away.  Now this item is not available.  This world needs more Cinnamon lovers.
88,B001IZI8LE,A328DULLRFYGYV,L. Bos,0,0,5,1313366400,Best cinnamon gum out there!,"I tried this gum after Trident cinnamon became hard to find a couple of years ago.  (Trident told me that they were overhauling the plant that made the gum so it was in short supply but it would be back.)  I quickly discovered that the Flare 5 was far superior to the Trident and I haven't looked back.  It does last a long, long, long, time.  Unfortunatley, as other reviewers noted, it has become very hard to find in stores.  Trident cinnamon is everywhere but now I don't want it.  Amazon saves the day again."
89,B007OXJLM4,A26NFIQ7KWI8Y7,kt rose,2,2,4,1329696000,another great Green Mountain coffee,"I found this coffee flavorful and bold.  I didn't experience bitterness.<br /><br />For reference purposes my in store drink is a Starbucks Americano.<br /><br />My favorite k-cups are:<br />Starbucks French Roast<br />Starbucks Caffe Verona<br />Starbucks Pike Place Roast<br />Green Mountain Xtra Bold Sumatran Reserve<br />Green Mountain Double Black Diamond<br />Green Mountain Revv<br />Green Mountain Dark Magic<br /><br />Other k-cups I've tried:  Coffee People Jet Fuel ,Green Mountain Dark Magic Decaf, Emeril Jazzed up Decaf, Starbucks Caffe Verona, Coffee People Black Tiger,  Starbucks House Blend, Starbucks Breakfast Blend, Starbucks Sumatra, Wolfgang Puck French Roast, Green Mountain Lake and Lodge, Green Mountain French Roast, Caribou Mahogony, Wolfgang Puck Sumatra Kopi Raya, Emeril Big Easy Bold"
90,B007OXJLM4,A22SY5TKNKUIEC,Larry,1,1,5,1311638400,greatest coffee,Is so good. Lots of flavor and great coffee taste. Especially good to wake up with. Enjoy this coffee. I give it a plus 10.
91,B007OXJLM4,A82K4W80VBMKT,bobocaj,0,0,5,1345680000,great deal!,I love how fast my cups arrived. I will always get my k cups here! I can't wait to try something new.
92,B007OXJLM4,A12Q6GZEMQOB8B,HBW,0,0,4,1344988800,Best in show for K-cup French Roast,We have several of these machines at work and I've tried lots of different flavors and blends...this is one of the few I can keep down without my body convulsing with an involuntary shudder.  Lots of these instant coffees are very bitter or far too strong.  This one is actually very tasty.
93,B007OXJLM4,A38QMGAGI3S9CI,Mark van Brenk,0,0,5,1342483200,"Great coffee, great price",I've tried a handful of other brands of French Roast and I find this one and Tully's version to be both great and comparable in flavor. The difference is the price (this one is far more reasonable).
94,B007OXJLM4,AL3U2XT77FL1F,Daleen Haifley,0,0,4,1342483200,One of my favorite coffees,"I have had Green Mountain coffee before, but had not tried the French Roast.  I am just realizing that there is a taste difference between different manufacturers, even with the same types of roasts.  The Green Mountain French Roast has the flavor I like and was expecting.  The price was reasonable and my order shipped quickly.  My only disappointment was in the shipping packaging.  I knew that I was ordering 2 boxes of K-cups but was surprised to see how big the shipping box was.  There was room for 3 boxes, with the extra space filled with bubble-wrap, which seems wasteful to me.  But on the whole, I am very happy with my coffee!"
95,B007OXJLM4,A1JLU3B870VZRC,Donna,0,0,4,1339804800,Great cup of Coffee,"This coffee has a nice bold flavor, not too strong, but smooth and bold enough that you know your having a wakeful, full bodied cup of coffee that is really enjoyable.  If you like a distinctive, medium bold cup of coffee you will love this."
96,B007OXJLM4,A2Z06VH8B20ZHF,paula aparis,0,0,5,1327104000,excellent choice,one of the best choices so far.  If you like bold coffee you will like this one  Will definitely buy again
97,B000F9Z1WI,AEJNWH4A9FNO8,Amazonista,0,0,5,1204934400,Yummy!,"They melt in your mouth!  I think I found my perfect snack.<br />I love Oreos, but hate all the fat they provide to my diet.  By diet I mean the ability to eat everything in moderation.  I monitor how much fat I ingest for many reasons, health being the most important.  One package of these cookies had the same great taste of oreos with only 1/4 of the fat.<br />I also like the fact that they come in individual packages:  They don't go stale;  you can take them on trips, movies, park, etc.<br />Great tea or coffee cookies too!.... and, of course, good old milk."
98,B000F9Z1WI,A13E0ARAXI6KJW,Ed Uyeshima,0,0,4,1204502400,"Chocolate Wafers in an Identity Crisis as Oreos...But If Deception Helps Monitor Calories, Why Not?","I hate to admit I miss the lard. I was the one in your 4th-grade class who unscrewed the Oreo, ate all the white middle, licked the wafers clean and then ate the hardened chocolate wafers. That's the image I have of this cookie. Even Barbra Streisand coyly named her singing trio at the beginning of <a href=""http://www.amazon.com/gp/product/B000AYEL1A"">A Star Is Born</a> the Oreos because she had two back-up singers who were black. That's why the idea of an Oreo Thin Crisp is rather lost on me.<br /><br />It is a single, nickel-sized baked chocolate wafer that more resembles a bleached Wheat Thin than the original Oreo. It does have some dusting of a white fructose sprinkle as perhaps a nostalgic tribute. Don't get me wrong, as the Oreo Thin Crisps are perfectly fine as low-calorie chocolate wafer alternatives go. They simply lack the lip-smacking satisfaction of a disassembled Oreo digested in pieces. The whole point of the 0.81-ounce bag of wafers is to tout that they are ""100 Calorie Packs"", a fine idea for Weight Watchers advocates and the rest of us who should be watching our weight. It's just that I don't feel very satisfied after finishing just one pack."
99,B000F9Z1WI,A3CFN1DW7YHUDP,Madge,0,0,4,1183507200,I'm a fan...,"Dude, these things are pretty good... as long as you're not bent on them being just like Oreos. I mean, they're not. But I definitely like them better than other chocolate cracker snacks like teddy grahams. The lightness of the crackers makes them perfect for slathering on other goodies, like peanut butter, cream cheese, icing, pudding, melted chocolate..."
100,B000F9Z1WI,A5WMBIOGE8Q6N,"Golden Lion ""Reader""",0,0,5,1157241600,Oreo flavored crackers without the creme filling,"These are great snacks for traveling, such as, by airplane or car.  The cookie comes in the shape of a small cracker.  The cracker is less messy than a cookie which can break apart and crumble; and for this reason a preferred treat.<br /><br />The texture is comparable to a medium crunchy chip and very light to eat.  The first response by most people when eating the cracker for the first time is, ""Humm these are good!""  This is a pleasant response and these crackers will probably be a big success over time."
101,B000F9Z1WI,ATDE9JYCPI0L1,Alyssa A. Lappen,0,0,3,1157155200,Not impressed,"Sorry, but I wasn't terribly impressed by these light snack crackers. Okay, I admit that I never liked Oreos that much in the first place. This 100 calorie bag of thin snack crackers tastes like Oreos, for sure--minus the sugar high pasted in the traditional sandwich cookie filling. But as one other reviewer noted, they're not all that chocolaty, a critical flaw in the opinion of this chocoholic. Worse than that, they're not so good for you. If you're going to have 100 calories, there are a lot healthier ways to do so than devoting nearly 40 percent to sugar. For my money, a piece of fruit makes a lot more sense. It not only costs less, it's got lots more nutritional value, not to mention fibre."
102,B000F9Z1WI,A3M174IC0VXOS2,Gail Cooke,0,0,5,1156464000,"CRISPY, CRUNCHY, AND CHOCOLATEY","Who doesn't love Oreo cookies?  Many of us well remember after school snacks of Oreo cookies and milk.  However, also for many of us those school days when we could eat all we wished and not gain an ounce are in the past.  So, it's a special treat that brings back all kinds of good memories to find Oreo Thin Crisps.<br /><br /> No, I was not one who pulled the cookie apart to lap the frosting, I just loved the chocolatey taste and that is all in these cookies less the unwanted cals. They're crispy, crunchy, chocolate wafers - a wonderful comfort snack.<br /><br /> A high five for Oreo Thin Crisps!<br /><br />  - Gail Cooke"
103,B000F9Z1WI,A3VHNCE6D25BFX,T. Wilson,1,2,5,1234828800,Delicious Mini Chocolate Treats Help Weight Loss Efforts!,"I was one of fifty families chosen to receive Nabisco Oreo Mini Cakesters for free to do a product review on.  Once I received my Nabisco Oreo Mini Cakesters in the mail, I and two of my grandsons decided to do the taste test immediately.<br /><br />The box of Nabisco Oreo Mini Cakesters comes with five individual packages.  Each package is 100 calories.  In fact, the Nabisco Oreo Mini Cakesters are advertised as being 100 calorie packs so that people will know exactly how many calories they are having so there is no guesswork involved.  Each 100 calorie package comes with three Oreo mini cakesters which translates to each mini cakester having approximately thirty-three and one third calories.<br /><br />The appearance of the Nabisco Oreo Mini Cakesters is one of tiny chocolatey goodness.  They are a dark chocolate color with a thin slice of cream filling and are soft and slightly crumbly.  When you put a Nabisco Oreo Mini Cakesters into your mouth, they crumble into a delicious chocolate cake flavor.  In fact, they do remind me a little of having a small bite of chocolate cake.  The Nabisco Oreo Mini Cakesters mostly have a chocolate flavor and the cream filling isn't as easily tasted or rather it wasn't possible to isolate the flavor of the cream from the chocolate but I didn't have a problem with this and neither did either of my grandsons.<br /><br />My oldest grandson ate almost two 100 calories packs of the Nabisco Oreo Mini Cakesters minus one or approximately 167 calories.  He enjoyed eating them and even gave Nabisco Oreo Mini Cakesters his `lick of approval' to the wrapper they came in!<br /><br />My youngest grandson isn't able to communicate effectively verbally (he's special needs) but I considered his dedication to eating his Nabisco Oreo Mini Cakesters as a sign of approval as seen through his chocolate face and intensity as he ate his 100 calorie pack plus the one loose one from his older brother or his approximately 134 calories.<br /><br />I definitely give the Nabisco Oreo Mini Cakesters a thumbs up.  I believe that I really got a true sense of how good they tasted from my two 100 calorie packs or 200 calories worth of Nabisco Oreo Mini Cakesters that I ate. I honestly didn't mean to eat both 100 calorie packs but that last one was sitting there calling my name and my adult daughter was not home yet so, I ate it.  But luckily I know that all I had was 200 calories which in the grand scheme of things is not too bad at all!<br /><br />I like the fact that the Nabisco Oreo Mini Cakesters are presented as a 100 calorie pack.  I found the thought comforting especially since I ate two packages of them!  I even found it fun to know how many calories my grandsons were consuming of them too!!  I am diabetic and overweight besides so knowing the calorie count is a good thing for me.  I think the Nabisco Oreo Mini Cakesters are good for a small chocolatey treat when you just want something sweet and chocolate but you don't want to overindulge.<br /><br />If I have any complaint about the Nabisco Oreo Mini Cakesters, it would be that they are too small!!  But since that is actually part of their appeal, I don't consider their small size a problem.<br /><br />I do recommend Nabisco Oreo Mini Cakesters for anyone who wants a small and controlled portion of a chocolate treat because they are the perfect size to keep you in control of your diet instead of letting the chocolate treat control you."
104,B000F9Z1WI,A3TFBHVF12XYFL,"Savvy ""Smart Consumer""",1,2,5,1204761600,Delicious,I love Oreos but hate the filling.  These prevent me from having to scape the filling out and they're good for you - calorie wise.
105,B000F9Z1WI,A2RKZ839WIWVHL,bobtec,0,1,1,1230854400,I agree with P. Lucas,"These things are NOTHING like Oreos.You think wow Oreos. Think again. I would say spend your money on something better (the Hershey's or Reese's crisp wafer bars come to mind). My honest view on these ""thin crisps"" cookies is that they have a little more flavor than a communion wafer, or milk bones."
106,B000F9Z1WI,A2RKZ839WIWVHL,bobtec,0,1,1,1230854400,Good? You CAN'T be serious,"To be honest with you, I got these at a store. You think wow chocolate chips, and Oreos. Think again.For those that think these are so good, I would recommend the Hershey's or Reese's crisp wafer bars. My honest view on these ""thin crisps"" cookies is that they have a little more flavor than a communion wafer, or milk bones."
107,B000F9Z1WI,A2BKPWCQGT8N0A,"P. lucas ""plucas11111""",1,3,1,1209081600,these ain't oreo's,"These things are low cal oreo's: minus the creme, minus the cookie! The title ""oreo"" is basically a total misnomer. These are nothing but black crackers with some sugar. If that is what you want, then click purchase."
108,B000F9Z1WI,A2I9PB98HCC8C9,J. Kirkland,0,2,4,1179446400,Good product but not fresh,"These arrived in the middle of May and they have an expiration date of the first week of July. This means I have to eat a lot of these in the next few weeks! Just beware if you're planning on stocking up for the future...the future will get here very soon with these!<br /><br />It's also interesting that the box inside the Amazon box says ""For internal use only"". I'm not sure what that's about!"
109,B0042TR2WE,A10W1JE0YVGXTH,Serenity,1,1,5,1336262400,I love these!!!,"They all taste really good. It comes in Mango, Strawberry, and Red Bean. They are each individually wrapped so you only have to eat one at a time. There are 20 of each flavor as well. When I finish this canister I plan on buying another. *^^*"
110,B0042TR2WE,AFS1Q8YI486TU,Ray,0,0,2,1339027200,Not so great,"Well, when I bought this item....I thought it would be a direct Japan import.  It is Taiwanese.<br />It was bought at Costco and resold....(the price label was still the product.)<br /><br />The product can be bought at Costco for half the price...if not less.<br /><br />The expiration date was not printed on the product....which makes me think it was expired.<br />I believe this as most of the mochi is dry and tough..<br /><br />Will shy away from this product."
111,B0042TR2WE,A1YEN91N15OACZ,lonely599,1,4,4,1294617600,nt,"you can find the sogo sweet rice mochi at Costco now, just 7bucks sth<a href=""http://www.amazon.com/gp/product/B0042TR2WE"">Sogo Sweet Rice Cakes Japanese Style Mochi Assorted Flavor Cannister</a>"
