﻿Id,ProductId,UserId,ProfileName,HelpfulnessNumerator,HelpfulnessDenominator,Score,Time,Summary,Text
1,B00813GRG4,A1D87F6ZCVE5NK,dll pa,0,0,1,1346976000,Not as Advertised,"Product arrived labeled as Jumbo Salted Peanuts...the peanuts were actually small sized unsalted. Not sure if this was an error or if the vendor intended to represent the product as ""Jumbo""."
2,B000UA0QIQ,A395BORC6FGVXV,Karl,3,3,2,1307923200,Cough Medicine,If you are looking for the secret ingredient in Robitussin I believe I have found it.  I got this in addition to the Root Beer Extract I ordered (which was good) and made some cherry soda.  The flavor is very medicinal.
3,B0009XLVG0,A327PCT23YH90,LT,1,1,1,1339545600,My Cats Are Not Fans of the New Food,"My cats have been happily eating Felidae Platinum for more than two years. I just got a new bag and the shape of the food is different. They tried the new food when I first put it in their bowls and now the bowls sit full and the kitties will not touch the food. I've noticed similar reviews related to formula changes in the past. Unfortunately, I now need to find a new food that my cats will eat."
4,B001GVISJM,A3RXAU2N8KV45G,lady21,0,1,1,1332633600,Nasty No flavor,"The candy is just red , No flavor . Just  plan and chewy .  I would never buy them again"
5,B001EO5QW8,A108P30XVUFKXY,Roberto A,0,7,1,1203379200,Don't like it,"This oatmeal is not good. Its mushy, soft, I don't like it. Quaker Oats is the way to go."
6,B001EO5TPM,A1E09XGZUR78C6,gary sturrock,2,2,1,1215302400,stale product.,Arrived in 6 days and were so stale i could not eat any of the 6 bags!!
7,B0059WXJKM,A25VFHVGI4CFTP,Diana Robinson,0,1,1,1335744000,Warning!  WARNING!  -ALCOHOL SUGARS!,"Buyer Beware Please! This sweetener is not for everybody.  Maltitol is an alcohol sugar and can be undigestible in the body.  You will know a short time after consuming it if you are one of the unsuspecting many who cannot digest it by the extreme intestinal bloating and cramping and massive amounts of gas a person can experience. Nausea, diarrhea & headaches can also be experienced. I learned my lesson the hard way years ago when I fell in love with the sugar-free chocolates suzanne sommers used to sell.  I thought I'd found sugar-free chocolate nirvana at first taste but the bliss was short lived when the terrible side effects of maltitol kicked in.  The discomfort was unlike anything I had ever felt before.  I blew up like a balloon and had very painful abdominal cramping.  As the symptoms passed, this too was very unpleasant.  Though hard for me to believe a low calorie sweetener could be the culprit, all symptoms were gone when I stopped eating the chocolate. My hunch it had something to do with the maltitol were unfortunately confirmed for me about a year later when I purchased some delicious sugar-free popcorn at my local market.  The taste was amazing and while I was looking at the label wondering what could possibly make this yummy, new sugarfree treat taste so good, my heart sank when I followed the little asterisk next to sugarfree sweetener* down to the very bottom of the label and read ""maltitol"" in tiny little letters! Thank goodness I'd eaten only a little. I still ended up with all the same side-effects but for a much shorter duration. Some people can use maltitol to their heart's content but others, like me, can have a bad reaction to it. In case you're like me, ... it's not you ...it's the maltitol!"
8,B001EPPI84,A3Q0IDQ03S0158,Jen,0,0,2,1287705600,nothing special,It is okay.  I would not go out of my way to buy it again
9,B001EPPI84,A27TZ4WBU7N0YF,I. So,0,0,1,1275004800,No Tea Flavor,No tea flavor at all. Just whole brunch of artifial flavors. It is not returnable. I wasted 20+ bucks.
10,B007B9J6G2,A34YK0ZTWOR858,NikkiBast,1,1,1,1345420800,Very Low quality,"I don't know how long these sat on the back of a shelf somewhere, but they were so old that they wouldn't cook.  I had to throw half of them out, because the skins were damaged, a clear sign of dried beans past their prime.  I can't even return these or ask for a refund, because food is not returnable.  Will find a different brand to use.  For now, I have about fifty servings of beans to throw away."
11,B0064KO0BU,A34D61RQILOKIJ,TampaBayGal,1,1,1,1350086400,Not Banana Runts,"Besides being smaller than runts, they look the same and have the same consistency.  Unfortunately, they taste nothing like banana runts...nor do they even taste good.  Yucky stuff.  Trying to return with vendor."
12,B0064KO0BU,AAV3AEI6YSYA2,sue,0,0,3,1345766400,Banana Heads Not Banana Runts,"The item over all was fine, but the Banana Heads are not just like Banana Runts they are alot smaller. Also when I received the item, the packaging was not great. The Banana Heads had come open during shipping and were all over the packing envelope."
13,B003YDP5PA,A18RVAXFLALN6E,"DF ""Dinky""",0,0,1,1343520000,Very Dissapointed,"The package came with the label torn off and no cooking instructions. I know how I normally cook Couscous so tried 3/4 cup water to 1 cup couscous-brought to a boil and let sit, covered for 5min. It was mushy and tasteless.We have thrown out the rest of the container."
14,B002X9JNYU,AVPSSODZIDABZ,HELfromBL,1,3,1,1323388800,what quantity is it!,I wouldn't even think of buying this product unless I know the price per unit. How can I compare other items online or in a store?
15,B007DJ0O9I,A24GM452AKJTT9,AMAZONGURL,0,0,1,1349827200,AWFUL,"I received the items in a timely manner. Upon receipt, I removed a pack to consume. The pop-tart was STALE and left an awful taste in my mouth."
16,B00469VSJI,A2EVOV2OZBQU53,Explorer777,0,0,1,1336694400,Does not taste very good,"Taste like it is stale.  Will not order this again.  I had this coffee at a 50th year annerversery at a reception hall and had to have it.  This stuff tasted NOTHING, like the Douwe Egberts at the hall.  This is possibly stale coffee."
17,B00469VSJI,A1447CDAPZGLYV,SANA AWAR,0,0,1,1326499200,No no,"Serveice delivery with the seller was excellent. The product was not. Will not order again. Bad taste. Iam not sure if it was old or that how it tastes. I throw it right away, i coudl not drink it."
18,B003XT4AV0,A2FZRO46DF0UHN,"D. Mertins ""AUDIOGURU""",1,1,2,1292630400,Cat won't go near it!,"My cat will go for a day, probably longer, haven't tryed it, but he'll walk right by this stuff every time, even when I know he's hungery. ABSOLUTELY NO INTEREST. I swear he'd rather die of starvation then even take a wiff of it!!"
19,B001ELL6O8,A12T0F58OKHCIW,"fishaholic ""hearyeethis""",1,4,1,1184025600,poor item packaging,This mix is very poorly packaged and breaks open easily during shipping. Nearly a full bag of my order was spilled in the shipping box. 3 bags out of 4 had come unsealed at the top. There were no tears in the packages.
20,B001ELL6O8,A2APBHKZCMD6DO,X,0,6,1,1207353600,Awful,"Just awful!  I thought food was supposed to taste good!  I had to eat ice cream afterwards to get the taste out of my mouth, it's that bad."
21,B001GVISJM,A2MUGFV2TDQ47K,"Lynrie ""Oh HELL no""",4,5,5,1268352000,Strawberry Twizzlers - Yummy,The Strawberry Twizzlers are my guilty pleasure - yummy. Six pounds will be around for a while with my son and I.
22,B001GVISJM,A1CZX3CP8IKQIJ,Brian A. Lee,4,5,5,1262044800,"Lots of twizzlers, just what you expect.",My daughter loves twizzlers and this shipment of six pounds really hit the spot. It's exactly what you would expect...six packages of strawberry twizzlers.
23,B0009XLVG0,A2725IB4YY9JEB,"A Poeng ""SparkyGoHome""",4,4,5,1282867200,"My cats LOVE this ""diet"" food better than their regular food","One of my boys needed to lose some weight and the other didn't.  I put this food on the floor for the chubby guy, and the protein-rich, no by-product food up higher where only my skinny boy can jump.  The higher food sits going stale.  They both really go for this food.  And my chubby boy has been losing about an ounce a week."
24,B001GVISJM,AFKW14U97Z6QO,Becca,0,0,5,1345075200,Love it!,I am very satisfied with my Twizzler purchase.  I shared these with others and we have all enjoyed them.  I will definitely be ordering more.
25,B001GVISJM,A2A9X58G2GTBLP,Wolfee1,0,0,5,1324598400,GREAT SWEET CANDY!,"Twizzlers, Strawberry my childhood favorite candy, made in Lancaster Pennsylvania by Y & S Candies, Inc. one of the oldest confectionery Firms in the United States, now a Subsidiary of the Hershey Company, the Company was established in 1845 as Young and Smylie, they also make Apple Licorice Twists, Green Color and Blue Raspberry Licorice Twists, I like them all<br /><br />I keep it in a dry cool place because is not recommended it to put it in the fridge. According to the Guinness Book of Records, the longest Licorice Twist ever made measured 1.200 Feet (370 M) and weighted 100 Pounds (45 Kg) and was made by Y & S Candies, Inc. This Record-Breaking Twist became a Guinness World Record on July 19, 1998. This Product is Kosher! Thank You"
26,B006CGURWM,A3F5EUYWKVWPJ6,southernboy,0,0,1,1342915200,disappointing,"Perhaps the worst bottle of wine I've ever had. I'm not even sure I would cook with this. It is thin, no body, and a transparent color not characteristic of a good pinot.  The taste is just bitter - not the complexity that I expect from a pinot noir of any price. Just not what I'm looking for even in a low to mid price pinot noir. Maybe my bottle wasn't sealed well and went to vinegar - other reviews for this wine are favorable."
27,B000G6RYNE,A1WQ3UGXPT15VI,"JavaJewel ""It's all  water under the bridge...""",0,0,2,1213920000,Not  Very Creamy or Chivey...,"I really love Kettle brand chips, but these are rather disappointing. There is very little sour cream or onion flavor."
28,B000G6RYNE,A39Y59C6FTC0GL,Christine,1,2,2,1247788800,"Love Kettle Chips, but not this flavor!",I was really looking forward to trying these chips since I love cheese but I was SUPER DISAPPOINTED! I am a big fan of Kettle Chips but these tasted somewhat stale and almost plain! They are supposed to have a cheddar taste but you cannot taste any of that...it's annoying. I do not recommend this flavor..salt and vinegar and buffalo bleu are my favorite.
29,B000G6RYNE,A3I5AT1101AS3A,Nikolette Tripp,1,2,1,1233360000,Maybe the worst chips ever.,"These are perhaps the worst chips that have ever gone into my mouth.<br /><br />For my entire life Sour Cream & Onion (and in this case ""& Chive"") chips were my favorite. Recently Kettle brand Honey Dijon Mustard took that slot. So when I found out they had sour cream & onion I just had to try them.<br /><br />As soon as I opened the bag the chips smelled of powdered milk. And indeed each chip is coated with a powdered sour cream that is just awful. It tastes like rancid milk. Not just sour, but like sour cream that when rancid. The powdery texture is also extremely unappealing. I basically hated these chips. I would not recommend these chips to anyone unless they had a particular affinity for a powdery, chalky texture on a chip, with a rancid (and onion flavor) and I have a hard time believing that person exists.<br /><br />I plan on contacting Kettle and sharing my thoughts with them. Hopefully they'll reassess the seasoning on these otherwise wonderful kettle style chips."
30,B000G6RYNE,A22LENLDTGQIU7,R. Yamaoka,4,7,1,1252713600,Surprise 1  It's different...,"Kettle chips now look, feel and taste like Lays.  These chips used to be my favorite when it was crinkle cut and hefty.  Now, no longer my favorite."
31,B000G6RYNE,A3ARC3UIY3Z1KQ,"Patricia A. Cioffi ""SHOPPING JUNKIE""",2,6,1,1238976000,VERY DISAPPOINTED,I ORDERED KETTLE CHIPS IN THE FOLLOWING FLAVVORS<br />SALT & FRESH GROUND PEPPER<br />TUSCAN 3 CHEESE<br />N.Y. CHEDDAR AND HERS<br /><br />THEY ALL TASTED THE SAME TO ME.  IF THERE IS A VARIETY PACK SUGGEST U ORDER BEFORE ORDERING LARGE SIZE.<br /><br />I WISH I COULD RETURN THE UNOPENED BAGS.
32,B000G6RYNE,A2B5OI74EHGVH1,"Jane ""jdeaton2""",3,8,1,1273017600,dripping in oil,"I purchased these because of the low salt, and they were indeed low in salt. However, many, many of the chips in the bag were literally dripping in oil. I have never encountered this problem with other potato chip brands. It was very unappetizing, and who wants all that oil? I will never buy these again, and I would not recommend them to others."
33,B000G6RYNE,ATZ0P4653KL13,The REAL Radiodude,1,5,2,1284768000,Not so good.,"If you are looking for STRONG S/V flavor these definitely aren't for you. Very mild in comparison to many others. I live in TX and I can tell you I've tried ALL S/V chips I can get ahold of. The best of the best are HEB (storebrand) and World Market. Bob's and Zapp's Aren't bad. From a chip standpoint they have typically great kettle crunch, but if you're looking for S/V flavor these have ""just a touch."""
34,B000G6RYNE,A2GDBBZMMBX1L,M. Barron,1,5,2,1235001600,Bags O' Salt with chips added.,"I don't know if it was the case of chips we received or what, but everyone we allowed to sample the chips (in a buffet style setting) agreed that these were slightly on the salty side.<br />One person jokingly stated that these would be terrific for melting ice and snow, due to the amount of salt in these.<br /><br />We had ordered these with the expectations that these would be similar to the Lay's Kettle Mesquite Potato Chips, but these Kettle brands outback bbq chips are the exact opposite.<br /><br />Sorry folks, we just had better expectations from these chips but they a little on the on the salty side.<br /><br />We are still looking forward to Amazon finally getting the Lay's Kettle Mesquite Potato Chips in stock.<br />These got a 2 star, because the bbq powder they had used on these were flavorful enough to be unique."
35,B000G6RYNE,A35KU4XNOVV194,Carole Niehaus,2,7,1,1215475200,Chips,"These chips are greasy and taste burnt-there is grease in the bottom of the bag and the chips are saturated with it (especially at the bottom of the bag. Even if they are trans fat free, they need to be a lot less greasy."
36,B000G6RYNE,A3D7FUBG14QWKX,Linda,0,4,1,1330732800,Garbage,"Don't waste your money on any of the Kettle brand potato chips.  I bought a case of these, and a case of the cheddar and sour cream.  Both cases ended up in the garbage can."
37,B000G6RYNE,APA1GLNHF6K9H,"Godess MOM ""Goddess MOM""",0,5,1,1226880000,They're Not Madhouse Munchies!!!,"DEfintely not as tasty as the Madhouse Munchies which are my family's favorite. Kettle's are dark/burnt,more broken bits, taste greasy-oily and not the light crunch. Oh well."
38,B000G6RYNE,A31MZR41SM9JU5,Mye,1,7,1,1288828800,Too SOUR!,"I love sour food but this one I can't bear.  Too strong sour taste... and even when you open the bag, the sour smell is too strong.  I don't like it."
39,B000G6RYNE,A1RUS8VOWCIC28,ComputerGuy,0,7,1,1286236800,AWFUL TASTE,"Unless you really really really like vinegar - AVOID! Those chips should have been called ""Vinegar and Sea Salt"" - not ""Sea Salt and Vinegar""."
40,B000G6RYNE,A2OLJKXJBAYBTY,J. Day,7,9,1,1302307200,"Kettle has sold out, the chips are horrible now","Used to eat the Spicy Thai flavor all the time.  MSG makes my body unhappy and this was one of the few flavored chips that was MSG free.  Now they have changed the whole recipe and how they make them.  Instead of being real food on the ingredients like it used to be its mostly processed chemical garbage, a bunch more salt and MSG stuffed in under the label ""yeast extract"".  They removed the NO MSG from the label so they know very well what they did.<br /><br />The worst part though is that they taste horrible.  Instead of crisp, oily and full of character...say as if they were cooked in like...a kettle or something they instead have the color and uniformity of baked lays.  The Spicy Thai flavor now tastes like sour cream and onion or ranch that has gone rancid.<br /><br />What a shame, no more kettle chips for me.  It seems they are slowly moving one flavor at a time to this new cheap ingredient list and manufacturing method.  Dont be fooled into paying a premium price for these chips as they are not a premium product anymore."
41,B000G6RYNE,A3UFRBCC1CSCSJ,mel,7,9,1,1298764800,The bags were damaged with holes and stains.,"The chips were great...for the first few bags. However, after the first bag or two, I noticed that the remaining bags were damaged. There were holes in each bag and black, sticky stains on the outside. Other reviewers who bought around the same time that I did are now claiming that they found rodent holes in their bags of chips.<br /><br />The chips came in a sealed Kettle box, so it's hard to say who screwed up. But someone somewhere screwed up. These chips were a health hazard before the holes in the bag. Now? It's like a game of roulette."
42,B000G6RYNE,AR7TAEEUDHMUB,Kathryn S. Leon,7,9,1,1294272000,Kettle Chips Make Great Mouse Food,"After waiting a ridiculous amount of time for my case of 15 5oz bags to arrive, upon opening the box noticed that every bag had been chewed open by a mouse.  Don't know if it is still in the box, but it is outside on the porch.  When my son gets home, I'm going to have pictures taken and email to Amazon.  The outside Amazon box was intact, so it had to be either from the Kettle Chips people or the Amazon warehouse, don't know which.  I will never buy these again from Amazon.  I cannot tell you how disgusted I am with this purchase.  It makes me sick to think about it!<br /><br />I included pictures at the top of the page.  Poor little mousie must have high cholesterol now.<br /><br />Update:  I forgot to mention that I offered to email the above pictures of the mouse damage to Amazon but was told they didn't want them."
43,B004A8QK98,A2FZE965O64BXJ,Grandma LU,0,1,1,1342742400,Disappointed!,"Unfortunately having ordered quite a few of these previously, I neglected to not look for the word: ""supreme"" in this offer and since I was then receiving free shipping had 4 delivered. We (that is my husband, guests and me)knew immediately that these were different from those previously enjoyed. BUT, currently Amazon featured the ""supreme"" babka and now I am awaiting to receive these. In the future, I will read more carefully."
44,B001HTKZ5S,ARQ2DJUU4XB1V,Cooking  Mama,2,2,1,1263686400,Perhaps something was wrong with the batch...,"I opened the can and immediately became concerned when I saw what looked like dried white crust, rather than fluffy frosting.  The package recommended stirring before use, so I gave that a try and under the crust was an indescribable gelatinous goo.  The best I can equate it to is a white version of the blue goop the mother serves for dinner in ""Better of Dead"" (no raisins in it though!).<br />I tried to stir it together and the end result was gelatinous goo with white crusties in it.  When lifting the knife to spread it long strings on goo trailed from my knife.<br />I opted for making my own frosting instead - very easy!  A little Sprectrum palm shortening, a lot of powdered sugar, a tiny splash of vanilla, a tiny bit of salt, and rice milk as needed for consistency, beat for 5 minutes, and I had the fluffy 'butter' cream frosting I thought I'd get from Cherrybrook.<br /><br />I wonder if our can was overheated in the store (whole foods) or something...<br />I've read positive reviews of their frosting mix, so maybe I'll try that next time."
45,B001HTKZ5S,A2AF5SS29LC4BB,"Andrea Zalesakova ""AZ""",1,1,2,1269993600,$4 down the drain,"Well, I opened it and it is grayish sticky mess. I'm so mad at myself for wasting my money, and not trying to make it from scratch at home. Which would probably end up better and cheaper. Oh well, live and learn!"
46,B001GVISJM,A3IV7CL2C13K2U,Greg,0,0,5,1318032000,Home delivered twizlers,Candy was delivered very fast and was purchased at a reasonable price.  I was home bound and unable to get to a store so this was perfect for me.
47,B001GVISJM,A1WO0KGLPR5PV6,mom2emma,0,0,5,1313452800,Always fresh,"My husband is a Twizzlers addict.  We've bought these many times from Amazon because we're government employees living overseas and can't get them in the country we are assigned to.  They've always been fresh and tasty, packed well and arrive in a timely manner."
48,B001GVISJM,AZOF9E17RGZH8,Tammy Anderson,0,0,5,1308960000,TWIZZLERS,"I bought these for my husband who is currently overseas. He loves these, and apparently his staff likes them also.<br />There are generous amounts of Twizzlers in each 16-ounce bag, and this was well worth the price. <a href=""http://www.amazon.com/gp/product/B001GVISJM"">Twizzlers, Strawberry, 16-Ounce Bags (Pack of 6)</a>"
49,B001GVISJM,ARYVQL4N737A1,Charles Brown,0,0,5,1304899200,Delicious product!,I can remember buying this candy as a kid and the quality hasn't dropped in all these years. Still a superb product you won't be disappointed with.
50,B001GVISJM,AJ613OLZZUG7V,Mare's,0,0,5,1304467200,Twizzlers,I love this candy.  After weight watchers I had to cut back but still have a craving for it.
51,B001HTKZ5S,A3KJ6JZ8MWERPG,RnnrGrl,1,1,1,1264896000,Big Disappointment,"I love Cherrybrook Kitchen and have tried almost all of their products.  I was excited to try the Ready to Spread frosting, as I do not usually keep the needed ingredients on hand for their box frosting.  I am not a picky eater, especially if the item contains sugar... but this was horrible!  The consistency is absolutely nothing like regular canned frosting.  It is not light and fluffy.  It is very gooey.  I cannot even imagine trying to spread it on a cake - it would rip it to pieces because it is so thick and gooey.  I did not even try it on a cake, because the taste and texture were so off-putting.  Seriously, do not waste your money!"
52,B001HTKZ5S,A1USXH72S0TD4B,Michelle M. White,0,0,1,1287100800,Worst Frosting Ever,"This product was such a disappointment!  As all the other reviewers said, it's a gluey, sticky texture more akin to Elmer's Glue than to an edible food product.  The flavor was sickening sweet.  I actually thought that the frosting had spoiled.  It was that bad!  Save yourself the time and $$ (I paid $4.99) and make your own frosting or go with another brand.  Cherrybrook cake and cookie mixes are so good.  It's hard to believe they even sell this."
53,B001HTKZ5S,A1ZE87EABE7FVQ,"ClaraP ""BookHooked""",0,0,1,1284249600,worst frosting ever,"I am glad I found this on the reduced rack for 99c. The taste was not bad but no way I could frost my cake. It stuck to the knife,ran down in strings,what a mess. I too thought I had gotten a bad batch.My GDs birthday cake looks like crap. Who would buy this mess. Horrible"
54,B001HTKZ5S,A2USOYPY0M1R6X,Colleen,0,0,1,1282608000,Cherrybrook Kitchen Vanilla Frosting,"I recently purchased this on sale at my local grocery store... now I know why it was on sale!<br /><br />This is not a fluffy, creamy white frosting you'd expect to find when opening the jar. Now, I wasn't expecting it to be just like Betty Crocker, but it was pretty bad. Like others said, it is a gluey/tacky mess that would completely ruin a cake if you tried to spread it on.  It reminds me of taffy that hasn't quite hit the right stage in the candy making process.  The taste isn't that great either, and it's sickeningly sweet (even for frosting).  The only thing it might be used for is a frosting for cinnamon buns?  I still don't think it would be the right consistency..."
55,B001HTKZ5S,AOHGLP2W3B3I4,Scott Schrantz,0,0,1,1281312000,"Do Not Buy This ""Frosting""","I can honestly say this is the worst frosting we have ever bought. It's kind of generous to call it frosting, it has more the consistency of rubber cement. And since we were in a time crunch, we didn't have the luxury of going back out to the store for a different frosting, so we forged ahead and decorated a cake with it. Horrible experience, bad enough to put us off cake decorating forever. It spread about as easily as chewing gum, stuck to everything it came in contact with, and got crumbs of the cake mixed up in it. On top of all this, it didn't even taste good. By the time we were done decorating, we knew there was no way we could feed this mess to our family. So we ended up going to the store anyway to buy a pre-made cake. Our cake, which took twice as long to decorate because this stuff is so gooey, was used as a centerpiece. A really ugly centerpiece, that cracked and peeled as the frosting dried."
56,B004OHKJWE,A2FUCWMB5QYNH4,Stacia Wagner,5,6,1,1321056000,Arrived broken and isn't eligible for return?,"I just received these bricks today and was very disappointed to find that BOTH of the bricks were broken and unusable as a serving/cooking plate.  They were busted completed in half. They were packaged in one sleeve of small bubble wrap in a shallow box with no other protection or packaging in the box.  I went online to try and return them and they are not eligible for return.  This is the first return I've ever tried to do in over 7 years of purchasing items off of amazon (to the tune of several orders a month!) and yet the one time that I want to return a defective product, I can't do it.  I will be much more careful about what is eligible for returns and what isn't in the future."
57,B001ELL7JM,A3IBGWP53XMJY5,C. DiAntonio,0,0,2,1337558400,bland,I like the fact that this vanilla flavor has no alcohol in it so i could add it to my baby's pancakes.  It does not taste the same to me as the regular stuff.  It is rather bland in my opinion.
58,B004134H9W,A2TNTY0JVQGGBJ,Peter R.,8,9,1,1316563200,Items in this Gift Basket were bad -- old and stale,"Items in this Gift Basket was delivered to people who called me to say ""could not eat any of it, because everything was old and stale.""  I was sad and disappointed. Time and effort, as well as money to get this, only to find out - terrible."
59,B004134H9W,ASHAQCZ26AZ4N,LG,0,0,1,1334361600,Dried UP,Very disappointed with purchase.  The dates were so dried up where it tasted like leather instead of dates.  Must have been sitting there for a long long time.
60,B004134H9W,A2QVVA5EOPBRI5,"Richard Aston ""Graveyard""",0,0,2,1332720000,Mostly dry,"I ordered three of the trays (being a date nut) and found that two were old or stale. I admit to not checking the out-of-date on the exterior package, but still - dried out fruit.?! The last tray was fresher, but the experience was soured at that point. I'm disappointed."
61,B004134H9W,A23W4SGMFMSE5N,"Verminator ""VerMin""",0,0,1,1331856000,Like to gamble? Buying the St. Patty's Dried Fruit Basket is a Crap-Shoot,"Buying this product seems to be almost literally like rolling the dice in a game of craps!<br /><br />My experience with this seems to be similar to the experience of ""Peter R."", unfortunately.<br /><br />The price was excellent.  I ordered mine after the date of "" J. Robert Bois'"" positive experience / review was written but before the date of ""Cindy 2366's"" positive experience / written review.  I bought these & gave them to my Dad, as he *LOVES* dates.  I noticed when I was visiting him, the dried fruit basket was hanging around in his 'fridge a lot longer than any other date basket I had ever ordered for him.<br /><br />Finally I asked him about them.  He said that he did not want to be rude to me or hurt my feelings but....  the dates, well, he was wondering if he should try & eat the seeds in the center & see if they were soft, because the dates themselves were hard as a rock & tasted stale.  I was mortified to say the least...  Then he wanted to know (jokingly) if he had done something to make me mad & I bought these for him as his punishment.  (No, but I had to laugh when he asked about that.)<br />Me personally, I have not tried them.  I will take his word for it!  :)<br /><br />I told him to throw it away or put it out for the squirrels.  After a week of offering the dates,  I picked them up out of his backyard and threw them away.  The squirrels, opossums, & raccoons declined to dine on the dates.<br /><br />It seems to be hit or miss with the ""Broadway Basketeers Irish St. Patrick's Dried Fruit Gift Basket"" purchase.<br /><br />I will not say flat out ""NO!  Do Not Purchase This Item, It is Not Good!""  That is a choice you will have to make on your own.  I just wanted to pass along my experience with the gift basket.<br /><br />Thank Goodness I caught it when it was on special & did not have the full current purchase price invested in the box!  I would have been really sad then!<br /><br />Amazon, as usual, did a fabulous job with the shipping, packaging, and they arrived quickly, in the time frame advertised / promised.<br /><br />Best of luck & I hope others have better experiences than my Dad / I had!<br /><br /><a href=""http://www.amazon.com/gp/product/B004134H9W"">Broadway Basketeers Irish St. Patrick's Dried Fruit Gift Basket</a>"
62,B0016PKA1C,A1MPHD8OJTXR1R,A. Marvin,3,3,2,1266105600,"Great concept, poor product","I have had the herb pods for about 6 months.  They are a great concept, but have a poor design. The plastic cover is very hard to take off and snap back on.  I'm  constantly afraid that I'm going to break it.  The pods do keep herbs fresh for several weeks in the fridge as long as you replace the water.  Unfortunately I don't use them half of the time I buys herbs because they are more trouble than they are worth."
63,B0016PKA1C,A36LOFUR3U753Z,L Parr,2,2,2,1304380800,"Too small, too hard to open","With no clear instructions on how to open and close the unit, the first few times are an act of frustration.  When I finally realized that if I grip with my thumb and forefinger over the clear plastic shield, about one third from it's bottom and squeeze the sides, the bottom lip pops out nicely.<br />I will agree that this size is too small for most popular herbs like parsley, basil ect.  The company does now make a larger unit and it looks like it is more user friendly.<br />All in all I like it, I took away one star for the lack of instructions.<br /><br />3/2012: After a few months I have thrown this thing away.  It became increasingly harder to open and the size was just too small for the herbs I use most.  I have seen some newer, larger units that don't have the issue with opening it like this one has...I'm going to order one of these.<br /><br />I no longer recommend this unit and have lowered it to 2 stars."
64,B0016PKA1C,A32F0SQ7I9PO0L,Barbara J. Conine,1,1,1,1331164800,can't open,"Despite reading the reviews of others on how hard this was to open, I was confident I knew the secret so would be fine. Not so. No matter what I did, couldn't pop off the clear plastic lid. Instructions showed the bottom part screwing off, didn't. Husband couldn't even do it and he opens everything for me. He finally got it open, only held about half of the aspargus which is what I wanted it for so tossed it in the garbage and then bought one from Progresso that we both can open. Note to self, pay MORE attention to what people are saying."
65,B0016PKA1C,A1T277YTLM09T9,B. Cooley,1,1,2,1323561600,"Great idea, such a pain to open and close","The reviews on this are so true. Great idea, but such a pain to pop the clear lid off from the side, even once I figured it out. I keep waiting for it to break in my hands because it does take some pressure to pop off the lid - but it feels fragile and likely to break with too much pressure. I would consider buying one of the new designs that seem sturdier and open from the top (not the side)."
66,B0016PKA1C,A2XXD7R9EOE6S1,Monica,1,1,2,1299715200,"Works, but hard to open...Buy larger version instead of pod","Even with the tips shared on how to open it, it's still pretty difficult to open.  I guess I have weak hands. My husband usually has to open it for me, and even he doesn't do it with ease.  I would recommend getting the larger Prepara herb savor instead of the pod.  It's much easier to open and can hold more.  I could hardly fit any cilantro in the pod (considering that the grocery sells them in such large bunches and I only use half)."
67,B0016PKA1C,A314KQRCVYGBO,"ReadsTooMuch ""PJ""",1,1,2,1295395200,"Sorry Oprah, not one of my 'favorite things'","Saw this on Oprah's favorite things and thought it would make a great little Christmas gift for my friends that love cooking as much as I do. Since they come in packages of three, I kept one and gave two away. I couldn't open mine to clean it, so my husband had to open it and he had a hard time. I thought it was just too tight from the factory. My basil looked great after ten days. But when I went to use the basil, I could not open the pod. Husband not home...neighbor not home...dog missing thumbs. I tried lightly rapping it against the counter edge and the seam cracked right down the middle. (Okay, maybe a little harder than 'lightly,' I was pretty frustrated.) Luckily I had emptied the water, so I only had a small mess to clean up. The pod went into the garbage...forcefully. I checked with my friends. Friend #1 had the same problem and her pod is now a rooting capsule for plant clippings because she had to throw away the clear cover...it also broke when she squeezed the pod to try to open it. Friend #2 has now been warned. There were no special tips included on how to open the pod and judging from comments I've read, we're not the only ones who have had this problem. I think this was designed by the same guy that invented the  security wrapping/tape on music CDs! I've gone back to my old method...a wide-mouth mayo jar with pretty hair band holdingdown a circle of fabric...it works!"
68,B0016PKA1C,A14HZY7NHRZTZV,ESimons,1,1,2,1292803200,Wilted hopes,"I wanted very much to like this product, but after using it for more than 9 months, I just can't. The clear plastic cover is very difficult to get off, especially when the pod is filled with water. It's also difficult to get the cover on, especially when you're trying to store bushy herbs like parsley or cilantro. The o-ring that is supposed to seal the bottom of the pod doesn't seem to seat correctly. After removing the bottom of the pod to clean out dirt left behind from some rooted herbs, I've never again been able to get it to be water-tight. Consequently, every time I use my pod,I have to store it in a bowl or else I'm mopping up water from my fridge shelf. On the plus side, the leaky bottom helps to remind me to change the water every day!"
69,B0016PKA1C,A38QPFGJOQCD2W,"Giselle Jacques ""G. Sharp""",6,9,1,1241308800,Caveat emptor! Disappointing,"I've been told that the refrigerator of the future will have herb/vegetable/salad bins inside to grow vegetables and I thought the Prepara Herb Savor Pod looked like the perfect precursor. Wrong. The detachable bottom comes loose continually and leaks water everywhere. Similarly, the plastic plug at the back does NOT hold. A good idea, a nice-looking product, but poorly executed. Refrain from purchasing -- plastic bags are MUCH, much better."
70,B0016PKA1C,A3CH8LYXEBGFDG,Sharon,2,3,1,1265155200,this gadget just doesn't do the job.,"I threw this away after about a week of ownership.  Couldn't get the clear plastic cover on and off without spilling water all over, and half the time, I couldn't get it off at all.  It only works for long stemmed herbs, and all need to be about the same height."
71,B001GVISJM,A22P2J09NJ9HKE,"S. Cabanaugh ""jilly pepper""",0,0,5,1295481600,Please sell these in Mexico!!,"I have lived out of the US for over 7 yrs now, and I so miss my Twizzlers!!  When I go back to visit or someone visits me, I always stock up.  All I can say is YUM!<br />Sell these in Mexico and you will have a faithful buyer, more often than I'm able to buy them right now."
72,B001GVISJM,A3FONPR03H3PJS,"Deborah S. Linzer ""Cat Lady""",0,0,5,1288310400,Twizzlers - Strawberry,"Product received is as advertised.<br /><br /><a href=""http://www.amazon.com/gp/product/B001GVISJM"">Twizzlers, Strawberry, 16-Ounce Bags (Pack of 6)</a>"
73,B0001PB9FY,A3HDKO7OW0QNK4,Canadian Fan,1,1,5,1107820800,The Best Hot Sauce in the World,"I don't know if it's the cactus or the tequila or just the unique combination of ingredients, but the flavour of this hot sauce makes it one of a kind!  We picked up a bottle once on a trip we were on and brought it back home with us and were totally blown away!  When we realized that we simply couldn't find it anywhere in our city we were bummed.<br /><br />Now, because of the magic of the internet, we have a case of the sauce and are ecstatic because of it.<br /><br />If you love hot sauce..I mean really love hot sauce, but don't want a sauce that tastelessly burns your throat, grab a bottle of Tequila Picante Gourmet de Inclan.  Just realize that once you taste it, you will never want to use any other sauce.<br /><br />Thank you for the personal, incredible service!"
74,B001GVISJM,AAAS38B98HMIK,Heather Dube,0,1,4,1331856000,Great Bargain for the Price,I was so glad Amazon carried these batteries.  I have a hard time finding them elsewhere because they are such a unique size.  I need them for my garage door opener.<br />Great deal for the price.
75,B00144C10S,A2F4LZVGFLD1OB,DaisyH,0,0,5,1338854400,YUMMY!,"I got this for my Mum who is not diabetic but needs to watch her sugar intake, and my father who simply chooses to limit unnecessary sugar intake - she's the one with the sweet tooth - they both LOVED these toffees, you would never guess that they're sugar-free and it's so great that you can eat them pretty much guilt free!  i was so impressed that i've ordered some for myself (w dark chocolate) to take to the office so i'll eat them instead of snacking on sugary sweets.<br />These are just EXCELLENT!"
76,B0001PB9FY,A3HDKO7OW0QNK4,Canadian Fan,1,1,5,1107820800,The Best Hot Sauce in the World,"I don't know if it's the cactus or the tequila or just the unique combination of ingredients, but the flavour of this hot sauce makes it one of a kind!  We picked up a bottle once on a trip we were on and brought it back home with us and were totally blown away!  When we realized that we simply couldn't find it anywhere in our city we were bummed.<br /><br />Now, because of the magic of the internet, we have a case of the sauce and are ecstatic because of it.<br /><br />If you love hot sauce..I mean really love hot sauce, but don't want a sauce that tastelessly burns your throat, grab a bottle of Tequila Picante Gourmet de Inclan.  Just realize that once you taste it, you will never want to use any other sauce.<br /><br />Thank you for the personal, incredible service!"
77,B005HGAVGK,A24ZCC8AAHPOUI,Betsy Chapman,3,3,1,1336953600,VERY Unsatisfied,"Thought I was ordering summer tea flavors, got leftover winter garbage. I will not buy from this seller again. I HATE iced coffee, much less gingerbread and eggnog flavors! I cannot believe I just spent that amount of money on crap that I will not ever drink. Should have waited until Walmart carried it! Does Keurig know this stuff is being sold under such false advertisements? Yes, I know it says flavors may be substituted. That would be fine if they were more teas. If I had wanted gross iced coffee flavors, I would have ordered such!<br /><br />On the up side, the peach tea I received was very good. Otherwise, don't waste your money!"
78,B005HGAVGK,A1TPGWR8AZTT9,J. Lewis,2,2,1,1336608000,Not what I ordered.,I got two Teas and one type of iced coffe and the rest were HOLIDAY COFFEES and APPLE CIDER!  Spicy Eggnog? Gingerbread? Bait and swtich.  The only redeeming factor - Amazon was great and issued me a refund.
79,B005HGAVGK,A2PQZHD03LOEKJ,pyrmom,2,2,1,1332460800,Extremely Disappointing,"There should be an option for a 0 star rating because that is what I would rate this item.<br />First, the sampling was to include 9 varieties but included only 7.  It appears that the two flavors out of stock were not substituted with two other flavors but instead a few more of the remaining flavors were tossed in the box. I had expected that when a limited edition coffee flavor such as Island Coconut was out of stock, it would be replaced with a different limited edition coffee flavor.  Same thing for the Half and Half Lemonade.<br />Second, the order was not balanced.  Of the 7 flavors I did receive, only 2 were coffees, the remaining 5 were teas.<br />The concept of a summer sampler set is a good one but the execution here was an epic fail.  The order is being returned today."
80,B002JX7GVM,A1B4MIXYVIKMU2,"D. Truong ""Duke of New Mexico""",1,3,2,1282176000,Just didn't taste good to me,"I'm usually into Pineapple and coconut drinks, but this drink just didn't taste all that great to me. The taste doesn't resemble anything close to a 'Pina Colada' flavor and it was actually difficult to taste the pineapple or coconut in it.  It just tastes tangy and a little sour... like water that has a bit of sugar and sour-ness to it. Yeah, not really a taste I crave. I'm not sure if everyone had this reaction to this drink, but it just didn't appeal to me. I really wanted to like it though, because as I said before... I usually love pineapple coconut drinks."
81,B002JX7GVM,A2MVPY9XVYST9H,"D_Strasse ""D_Strasse""",1,3,2,1264636800,Bland,"This product is billed as an all natural anti-oxident and electrolyte replacing beverage.  Sort of like all-natural Gatorade with anti-oxidents.<br /><br />Like a sports beverage, it too is also kinda bland.  I love some of the Gatorade flavors, some not so much.  This drink falls into the not so much category for me.<br /><br />It is sorta sweet, sorta pineapple-y, and also sorta bland.  My wife commented that it has a slippery feel in her mouth, like the glass had soap in it still.  I didn't think it was that bad but the drink really didn't appeal to me.<br /><br />In the end, yes, this drink is probably much better for you than a glass of apple juice and definitely better than some sugar infused punch.  But as a sports drink, I think I'll stick with plain old gatorade; it's cheaper and contains fewer calories per serving.<br /><br />If going the all natural route with your juices/drinks is of the utmost importance this may be something to consider and bump this review to 3 stars."
82,B002JX7GVM,A2HTPS0JV3Q8ZD,"Michael D. Briggs ""Dark_Psion""",0,2,2,1264550400,Needs a bigger splash,"I received a single 8.5 once container of ONE Coconut water with a splash of Pineapple as part of the Amazon Vine program for review.<br /><br />It would have been nice if it had come with a straw, especially considering the price of the product. Now as to the ""Splash of Pineapple"", well it must not have been a very big splash, because I never did taste any pineapple. So what did I taste? It is hard to describe. It doesn't taste like coconut or cane sugar or any ""Natural Fruit flavor"".<br /><br />To be honest, it tastes like water,...sort of. Like water with an odd, undefinable extra flavor. It's not a bad flavor or a good flavor, it's just Meh! flavor. I don't care how ""healthy"" this drink is supposed to be, for it's price, it should have a better flavor, or just have a flavor.<br /><br />And as a ""thirst quencher"", it doesn't equal up to Gatorade or even a Lemonade. I feel a glass of tap water would do just as good as job to quench your thirst."
83,B002JX7GVM,AS6SH2JM2YY3H,R Schmidt,1,4,2,1264636800,Pineapple flavored coconut water from Indonesia... there's something we really need!,"Coconut water with a hint of pineapple, shipped to the US from Indonesia, packaged in (usually) non-recyclable, disposable containers, and catering to the... sports drink market (""good source of electrolytes"")?<br /><br />I took a  8.5 ounce container and poured 6 servings, for 4 teenagers and 2 adults.  First impression?  The teens (serious athletes) were not told what the drink was, but I did mention that it was being marketed as a potential sports drink.<br /><br />The result?  No negative votes, but no one would choose it over existing drinks.  Everyone recognized the pineapple flavor instantly.  ""It leaves a strange feeling in my mouth,"" one teen said.  This was probably the coconut water; it had a residual flavor and feel.<br /><br />There was no straw included with the package, so the opening and pouring needed the assistance of a fork or knife.  It's mostly (cane) sugar water, so why bother?<br /><br />But the biggest issue is the waste.  Coconut sugar water from Indonesia?  What's the carbon footprint of this product?  And the container has 2 ""recycle"" symbols on it, but, like milk cartons, it is difficult to find a community that will actually keep them out of the landfill.<br /><br />Bottom line?  It's not that tasty, being little more than sugar water, and the transport and packaging waste really don't fit into a culture (for me) focusing on sustainability."
84,B0016FY6H6,AGXKZFVU0YA4U,symantix,2,2,1,1308700800,No Flavor - Not Authentic,"I have been drinking green tea powder for a few years and have come to love the slightly bitter and tannic flavor of it. I decided to try the Stash brand instead of my normal Japanese brand, and it's not even in the same universe. The Stash product is just green colored powder with no flavor at all. Seriously, the Stash brand uses a maltodextrin base and it has dehydrated tea added to it. Real, authentic green tea powder is supposed to be 100% tea, with no additives!<br /><br />If you drink a lot of green tea, you will be very disappointed with the Stash product. I strongly recommend you go with a Japanese brand that contains 100% tea ONLY.<br /><br />I tried to return it to Amazon, but they don't allow grocery items to be returned!"
85,B0016FY6H6,AGY5RK3EKTFC9,"Kathryn L. Tate ""ktate""",0,0,1,1315526400,Doesn't have taste...,"I wasted a little over $15.00 because the reviews were so good.<br />This has no taste cold or hot. It states to use 16oz of cold water.<br />Well, I used just a cup and it didn't work out for me.<br />I tried adding more packets and it helped but very little.<br />I am an avid tea and coffee drinker and can only resolve<br />that the other reviewers have never had a good strong cup<br />of green tea--, or I am missing something here.<br />I do not recommend this tea."
86,B0016FY6H6,A2NLZ3M0OJV9NX,Mark Bodzin,0,0,2,1313107200,"Of al the Stash iced teas this is the best, and it is still not all that good","What can i say, I love iced tea. I drink a lot of it, and love the convenience of these new individual serving size packets. I am also a big fan of Stash products, or rather of all the other stash products I have tried.<br />I purchased a case of all 4 varieties,  (when i say i drink iced tea, i am not kidding) and these were all way too weak when i mixed them in my 16 ounces water bottle.<br />I finally found that i needed to dissolve 2 packets in a small bit of hot water first (if not the tea clumped on me), and than add the rest of the water just to make these palatable. And only than were these passable...<br />Over all I am very dissatisfied with the product and will stick with the other brands that are out on the market."
87,B0016FY6H6,A2NLZ3M0OJV9NX,Mark Bodzin,0,0,2,1313107200,way too weak for my tastes,"What can i say, I love iced tea. I drink a lot of it, and love the convenience of these new individual serving size packets. I am also a big fan of Stash products, or rather of all the other stash products I have tried.<br />I purchased a case of all 4 varieties,  (when i say i drink iced tea, i am not kidding) and these were all way too weak when i mixed them in my 16 ounces water bottle.<br />I finally found that i needed to dissolve 2 packets in a small bit of hot water first (if not the tea clumped on me), and than add a packet of sweetener before adding the rest of the water just to make these palatable.<br />Over all I am very dissatisfied with the product and will stick with the other brands that are out on the market."
88,B0016FY6H6,A19JPOFY2O1KHD,Melody,0,0,1,1313107200,Awful,This tea is the most awful stuff I've ever put in my mouth.  It has a chemical taste.  I tried adding sugar and it didn't help. I enjoy the Arizona Pomegranate Gree Tea and would highly recomment it.
89,B0016FY6H6,A12RI7T2PXO4JQ,Sammirah,1,2,5,1261958400,Lightly sweet and cheeper than an Jamba Juice Matcha Shot!,I used to always go to Jamba Juice for the Match green tea shots...after trying this iced green tea powder I was hooked.  This flavor is lightly sweetend and the raspberry and pomegranate flavors are just subtle enough to not mask the true flavor of the green tea.  I don't mind the funny green color...after all it's green tea.
90,B0016FY6H6,A24NRU0P0TN907,"PenName ""Pen""",1,2,1,1211587200,Terrible,This iced tea is terrible. This is the first Stash product that I do not enjoy. It is not iced tea. It tastes more like powdered peppermint leaves.
91,B0016FY6H6,AFWA3MAM1R45K,"Randee ""Randee""",0,1,1,1345939200,"Beware, if you have a corn allergy!!","The first ingredient in this mix, before the tea is even listed is maltodextrin.  If you suffer from a corn allergy, please do not forget to read the label & unwittingly drink this.  I have no idea why there is more maltodextrin in this product than the main product, the tea itself.  I realize this is not a review, let alone a ""helpful review"", as I did not describe the taste of the product or even review the product. I couldn't review this product, if I wanted too.  I want people with a corn allergy to be advised of the ingredients in the tea.  I didn't know how else to inform folks about the ingredients except for on the page with reviews.  I could not give the product more stars, as it contains more maltodextrin, than tea itself."
92,B0016FY6H6,A4DULCHGKEA59,Stephany L. Blair,0,1,1,1313539200,Not So Much!,"I bought this tea as I like blueberries, and Stash is known as making good teas.  However, when I first emptied the drink mix in the water the color was an odd green (not very appetizing).  Once I mixed the powder with water, the resulting tea had no real flavor.  I feel like I wasted my money and can't get a refund."
93,B0016FY6H6,A37Y0WULUM9IJ5,"LBLI ""Boo yah!""",0,2,2,1342137600,Don't bother,"I bought this ""flavor"" and the raspberry pom and while they are consistent, it's useless.<br /><br />If you plan on making a pitcher of tea, forget it, it takes 4 packs for 64 oz and is still very, very weak in flavor, and it must be consumed in 12 hours (so they say) so you're much better off brewing your own.<br /><br />However, if you're idea is to ""stash"" this in your purse (for the ladies) or pocket (for men, which would be weird) it's still misses the mark. One packet does very little for flavor with 16 oz of water so you'd have to use two, and WHO drinks just 16 oz of water when out to eat or something of that nature? Also, with only 8 to 12 packets in a box (depends on flavor, who knows why?), that gives you 4 to 6, 16 oz drinks for $3. Not sure it's worth it at all, I'd rather drink lemon water when out than this."
94,B0016FY6H6,A37Y0WULUM9IJ5,"LBLI ""Boo yah!""",0,2,2,1342137600,Not worth it!,"If you plan on making a pitcher of tea, forget it, it takes 4 packs for 64 oz and is still very, very weak in flavor, and it must be consumed in 12 hours (so they say) so you're much better off brewing your own.<br /><br />However, if you're idea is to ""stash"" this in your purse (for the ladies) or pocket (for men, which would be weird) it's still misses the mark. One packet does very little for flavor with 16 oz of water so you'd have to use two, and WHO drinks just 16 oz of water when out to eat or something of that nature? Also, with only 8 packets in a box, that gives you 4, 16 oz drinks for $3. Not sure it's worth it at all, I'd rather drink lemon water when out than this."
95,B0016FY6H6,A37Y0WULUM9IJ5,"LBLI ""Boo yah!""",0,2,2,1342051200,I wouldn't bother.,"If you plan on making a pitcher of tea, forget it, it takes 4 packs for 64 oz and is still very, very weak, and it must be consumed in 12 hours (so they say) so you're much better off brewing your own.<br /><br />However if you're idea is to ""stash"" this in your purse (for the ladies) or pocket (for men which would be weird) it's just okay.  One packet does little for flavor with 16 oz of water so you'd have to use two, and WHo drinks just 16 oz of water when out to eat or something of that nature?  Also, with only 8 packets (the raspberry pom) in a box, that gives you 4 16 oz drinks for $3.  Not sure it's worth it at all, I'd rather drink lemon water when out than this, equally as bland but free."
96,B0016FY6H6,A1ONZ8JRPLBNUI,"Mona Lisa ""Gwenie""",1,4,2,1217808000,mona lisa,This was a big disappointment. There was no raspberry or pomegranate flavor to this. The color is green and not very appealing to look at. However it does work as a great antioxidant.
97,B0016FY6H6,A28KT7YARLG4JC,"Kelly L. Delage ""wildangel""",1,6,1,1274486400,stash tea powder review,I wish I had read the product description better....I didn;t realize this was sweetened...I do not like the sweetened teas...now I am stuck with 2 orders of them....but the other green tea powder is great.
98,B0016FY6H6,A1MJYKZLAVA021,Michele Calvin,1,7,1,1214697600,The mint tea I bought,"When I saw the mint iced tea powder on the website, I thought I would like it. But when  I received it and tried one, I was very disappointed. It was the green tea and not sweet at all. The flavor was nothing at all like an iced tea like I was expecting. I had to add sugar to it to get a flavor that I like to be similar to regular iced tea. I don't even know if I'll be using the others I had received. Sorry about this, but you did ask for my review on this."
99,B00067AD4U,A7DSY3M6P6RG3,taza052007,0,0,5,1181692800,These are the Best!,"These chocolate covered espresso beans are wonderful!  The chocolate is very dark and rich and the ""bean"" inside is a very delightful blend of flavors with just enough caffine to really give it a zing."
100,B0029OWDAU,A1DTDSL1J6C05F,"Heartsinohio ""Heartsinohio""",0,0,5,1347667200,Love Love Love,"Popchips are so good.  I have been following Weight Watchers and lost 50 pounds and am at my goal.  These Popchips are my salty crunchy indulgence.  They taste so  good,"
101,B000SEJ84M,A19Y7MSOR2J7XP,G. Macleod,0,0,5,1258588800,The product is great but the price is out of line,"I've purchased dozens of bags of this pancake mix (which is a great product, by the way).  This is the highest price I've seen.  Whole Foods carries this item and it's been on sale there for $9.99 (that's Canadian dollars, too, as I'm in Canada).  It's even cheaper on Baker's Box's own website, and they're the company selling this product through Amazon. For a two-pack they should be charging $20 or less.  What gives?  I thought Amazon was where you could find competitive prices."
102,B001LMNXFA,ATBV3QRAVD2PJ,"Michelle L. West ""Paisleymll""",3,3,5,1280361600,Swedish Pearl is not the same as  Belgian Pearl,"The Sugar was sweet, that can not be denied.  As advertised, It didn't melt when baked either.  However, it will not do for your Liege Waffles/Gaufres what the larger pebbles of Belgian pearl will do.  These grains are smaller, think pretzel salt, or seed pearls."
103,B001LMNXFA,A226DRVTNFWM28,"Proud Mom of Two ""Bigounets""",2,2,5,1291680000,Perfect!,"That's exactly what I was looking for to bake some chouquettes (puffs with small sugar pearls on top). Works great, yum!!"
104,B002J2DO8W,ASIAOU4JW8LUG,K. Gohokar,0,0,5,1331596800,great taste,This is what I was looking for and was missing it. The taste is exactly the taste as the one made in India so just loved it and remember my days back in India. Definitely recommend it.
105,B000U9V5AU,A2VOVLKP603R1T,D. J. Brown,7,7,5,1297468800,Taste-tested by a wine maker,"I bought this strawberry extract hoping to spruce up a strawberry wine that ended up with less flavor than I'd original expected. (A common problem in some fruit wines.)<br /><br />This is, indeed, good strawberry flavor!  Just add to your sugary concoction (be it a baking good, a dessert or a drink) to either give strawberry flavor (or add to existing flavor), and presto, just about everyone will be licking their lips (and maybe fingers).<br /><br />For those interested, I found the right addition to a liquid volume to be 4 oz of extract per 1 gallon of liquid."
106,B001SB099M,A2XADCFYDXH7IV,Thomas A. Johnson,1,1,4,1320969600,Excellent Everyday Olive Oil,"Great stuff and dependable, especially when there are a million brands ""out there"" to choose from.  I love the stuff.  For really high end desires, I go with the Apollo Olive Oils from California.  But I buy a whole lot more of this stuff and will buy it again and again."
107,B0041QJSJS,A1KZUXE70GYNGO,talonmedic,0,0,4,1347926400,"Love Weavers, I am a fan.","I hadn't tried (or heard of) till recently Weavers not it's my favorite. I am running through the list of types they have looking for a favorite and haven't found one yet, they're all so darned smooth. No bite, no after taste, a little pricy but still worth it. No worse price wise than starbucks or peets. Will keep running through the list here and see what happens. Love them all so far."
108,B0041QJSJS,A221AFCU6AE0QO,Sarah Bowman,3,5,5,1318204800,Make My Day,"Having always been a strict Peet's Coffee lover, I was reticent to switch brands but Weaver's won my heart!! The taste is clean and strong, the ethos is correct (organic, baby) and even the packaging is very zen and appropriate. Be still my caffeinated heart!"
109,B0041QJSJS,A2BAVWMHL130WY,Bruce L. Ishimatsu,2,4,5,1318723200,Treat yourself to the best coffee!,"Go ahead and drink the other brands served at your neighborhood cafe if you must but make sure you have a stash of Weaver's Peru Organic Whole Bean at home to serve up to your friends and family who deserve the best coffee.  And when you go back to that corner cafe where people drink average coffee because they don't know better, take along a travel mug filled with Weaver's coffee from home and enjoy a real Cup of Joe.  Er, Weaver's."
