﻿Id,ProductId,UserId,ProfileName,HelpfulnessNumerator,HelpfulnessDenominator,Score,Time,Summary,Text
1,B001GVISJM,A2MUGFV2TDQ47K,"Lynrie ""Oh HELL no""",4,5,5,1268352000,Strawberry Twizzlers - Yummy,The Strawberry Twizzlers are my guilty pleasure - yummy. Six pounds will be around for a while with my son and I.
2,B001GVISJM,A1CZX3CP8IKQIJ,Brian A. Lee,4,5,5,1262044800,"Lots of twizzlers, just what you expect.",My daughter loves twizzlers and this shipment of six pounds really hit the spot. It's exactly what you would expect...six packages of strawberry twizzlers.
3,B0009XLVG0,A2725IB4YY9JEB,"A Poeng ""SparkyGoHome""",4,4,5,1282867200,"My cats LOVE this ""diet"" food better than their regular food","One of my boys needed to lose some weight and the other didn't.  I put this food on the floor for the chubby guy, and the protein-rich, no by-product food up higher where only my skinny boy can jump.  The higher food sits going stale.  They both really go for this food.  And my chubby boy has been losing about an ounce a week."
4,B001GVISJM,AFKW14U97Z6QO,Becca,0,0,5,1345075200,Love it!,I am very satisfied with my Twizzler purchase.  I shared these with others and we have all enjoyed them.  I will definitely be ordering more.
5,B001GVISJM,A2A9X58G2GTBLP,Wolfee1,0,0,5,1324598400,GREAT SWEET CANDY!,"Twizzlers, Strawberry my childhood favorite candy, made in Lancaster Pennsylvania by Y & S Candies, Inc. one of the oldest confectionery Firms in the United States, now a Subsidiary of the Hershey Company, the Company was established in 1845 as Young and Smylie, they also make Apple Licorice Twists, Green Color and Blue Raspberry Licorice Twists, I like them all<br /><br />I keep it in a dry cool place because is not recommended it to put it in the fridge. According to the Guinness Book of Records, the longest Licorice Twist ever made measured 1.200 Feet (370 M) and weighted 100 Pounds (45 Kg) and was made by Y & S Candies, Inc. This Record-Breaking Twist became a Guinness World Record on July 19, 1998. This Product is Kosher! Thank You"
6,B001GVISJM,A3IV7CL2C13K2U,Greg,0,0,5,1318032000,Home delivered twizlers,Candy was delivered very fast and was purchased at a reasonable price.  I was home bound and unable to get to a store so this was perfect for me.
7,B001GVISJM,A1WO0KGLPR5PV6,mom2emma,0,0,5,1313452800,Always fresh,"My husband is a Twizzlers addict.  We've bought these many times from Amazon because we're government employees living overseas and can't get them in the country we are assigned to.  They've always been fresh and tasty, packed well and arrive in a timely manner."
8,B001GVISJM,AZOF9E17RGZH8,Tammy Anderson,0,0,5,1308960000,TWIZZLERS,"I bought these for my husband who is currently overseas. He loves these, and apparently his staff likes them also.<br />There are generous amounts of Twizzlers in each 16-ounce bag, and this was well worth the price. <a href=""http://www.amazon.com/gp/product/B001GVISJM"">Twizzlers, Strawberry, 16-Ounce Bags (Pack of 6)</a>"
9,B001GVISJM,ARYVQL4N737A1,Charles Brown,0,0,5,1304899200,Delicious product!,I can remember buying this candy as a kid and the quality hasn't dropped in all these years. Still a superb product you won't be disappointed with.
10,B001GVISJM,AJ613OLZZUG7V,Mare's,0,0,5,1304467200,Twizzlers,I love this candy.  After weight watchers I had to cut back but still have a craving for it.
11,B001GVISJM,A22P2J09NJ9HKE,"S. Cabanaugh ""jilly pepper""",0,0,5,1295481600,Please sell these in Mexico!!,"I have lived out of the US for over 7 yrs now, and I so miss my Twizzlers!!  When I go back to visit or someone visits me, I always stock up.  All I can say is YUM!<br />Sell these in Mexico and you will have a faithful buyer, more often than I'm able to buy them right now."
12,B001GVISJM,A3FONPR03H3PJS,"Deborah S. Linzer ""Cat Lady""",0,0,5,1288310400,Twizzlers - Strawberry,"Product received is as advertised.<br /><br /><a href=""http://www.amazon.com/gp/product/B001GVISJM"">Twizzlers, Strawberry, 16-Ounce Bags (Pack of 6)</a>"
13,B0001PB9FY,A3HDKO7OW0QNK4,Canadian Fan,1,1,5,1107820800,The Best Hot Sauce in the World,"I don't know if it's the cactus or the tequila or just the unique combination of ingredients, but the flavour of this hot sauce makes it one of a kind!  We picked up a bottle once on a trip we were on and brought it back home with us and were totally blown away!  When we realized that we simply couldn't find it anywhere in our city we were bummed.<br /><br />Now, because of the magic of the internet, we have a case of the sauce and are ecstatic because of it.<br /><br />If you love hot sauce..I mean really love hot sauce, but don't want a sauce that tastelessly burns your throat, grab a bottle of Tequila Picante Gourmet de Inclan.  Just realize that once you taste it, you will never want to use any other sauce.<br /><br />Thank you for the personal, incredible service!"
14,B001GVISJM,AAAS38B98HMIK,Heather Dube,0,1,4,1331856000,Great Bargain for the Price,I was so glad Amazon carried these batteries.  I have a hard time finding them elsewhere because they are such a unique size.  I need them for my garage door opener.<br />Great deal for the price.
15,B00144C10S,A2F4LZVGFLD1OB,DaisyH,0,0,5,1338854400,YUMMY!,"I got this for my Mum who is not diabetic but needs to watch her sugar intake, and my father who simply chooses to limit unnecessary sugar intake - she's the one with the sweet tooth - they both LOVED these toffees, you would never guess that they're sugar-free and it's so great that you can eat them pretty much guilt free!  i was so impressed that i've ordered some for myself (w dark chocolate) to take to the office so i'll eat them instead of snacking on sugary sweets.<br />These are just EXCELLENT!"
16,B0001PB9FY,A3HDKO7OW0QNK4,Canadian Fan,1,1,5,1107820800,The Best Hot Sauce in the World,"I don't know if it's the cactus or the tequila or just the unique combination of ingredients, but the flavour of this hot sauce makes it one of a kind!  We picked up a bottle once on a trip we were on and brought it back home with us and were totally blown away!  When we realized that we simply couldn't find it anywhere in our city we were bummed.<br /><br />Now, because of the magic of the internet, we have a case of the sauce and are ecstatic because of it.<br /><br />If you love hot sauce..I mean really love hot sauce, but don't want a sauce that tastelessly burns your throat, grab a bottle of Tequila Picante Gourmet de Inclan.  Just realize that once you taste it, you will never want to use any other sauce.<br /><br />Thank you for the personal, incredible service!"
17,B003F6UO7K,AFM0O9480F04W,Sherril,0,0,5,1297641600,Great machine!,"I have never been a huge coffee fan. However, my mother purchased this little machine and talked me into trying the Latte Macciato. No Coffee Shop has a better one and I like most of the other products, too (as a usually non-coffee drinker!).<br />The little Dolche Guesto Machine is super easy to use and prepares a really good Coffee/Latte/Cappuccino/etc in less than a minute (if water is heated up). I would recommend the Dolce Gusto to anyone. Too good for the price and I'am getting one myself! :)"
18,B003F6UO7K,A31OQO709M20Y7,"Molly V. Smith ""staral""",0,1,5,1288310400,THIS IS MY TASTE...,"This offer is a great price and a great taste, thanks Amazon for selling this product.<br /><br />Staral"
19,B001EO5QW8,AOVROBZ8BNTP7,S. Potter,19,19,4,1163376000,Best of the Instant Oatmeals,"McCann's Instant Oatmeal is great if you must have your oatmeal but can only scrape together two or three minutes to prepare it. There is no escaping the fact, however, that even the best instant oatmeal is nowhere near as good as even a store brand of oatmeal requiring stovetop preparation.  Still, the McCann's is as good as it gets for instant oatmeal. It's even better than the organic, all-natural brands I have tried.  All the varieties in the McCann's variety pack taste good.  It can be prepared in the microwave or by adding boiling water so it is convenient in the extreme when time is an issue.<br /><br />McCann's use of actual cane sugar instead of high fructose corn syrup helped me decide to buy this product.  Real sugar tastes better and is not as harmful as the other stuff. One thing I do not like, though, is McCann's use of thickeners.  Oats plus water plus heat should make a creamy, tasty oatmeal without the need for guar gum. But this is a convenience product.  Maybe the guar gum is why, after sitting in the bowl a while, the instant McCann's becomes too thick and gluey."
20,B001EO5QW8,A3PMM0NFVEJGK9,"Megan ""Bad at Nicknames""",13,13,4,1166313600,Good Instant,"This is a good instant oatmeal from the best oatmeal brand.  It uses cane sugar instead of high fructouse corn syrup, so not only does it have a better sweetness, but some doctors now say that this form of sugar is better for you.  Great on a cold morning when you don't have time to make McCann's Steel Cut Oats.  The apple cinnamon is the best but the maple and brown sugar or the regular are good too.  Plus they don't require doctoring to actually tell the three flavors apart."
21,B001EO5QW8,A2EB6OGOWCRU5H,CorbyJames,9,9,5,1175212800,Great Irish oatmeal for those in a hurry!,"Instant oatmeal can become soggy the minute the water hits the bowl. McCann's Instant Oatmeal holds its texture, has excellent flavor, and is good for you all at the same time. McCann's regular oat meal is excellent, too, but may take a bit longer to prepare than most have time for in the morning. This is the best instant brand I've ever eaten, and a very close second to the non-instant variety.<br /><br />McCann's Instant Irish Oatmeal, Variety Pack of Regular, Apples & Cinnamon, and Maple & Brown Sugar, 10-Count Boxes (Pack of 6)"
22,B001EO5QW8,A2CI0RLADCRKPF,T. J. Ryan,3,3,4,1210464000,satisfying,"McCann's Instant Irish Oatmeal, Variety Pack of Regular, Apples & Cinnamon, and Maple & Brown Sugar, 10-Count Boxes (Pack of 6)<br /><br />I'm a fan of the McCann's steel-cut oats, so I thought I'd give the instant variety a try. I found it to be a hardy meal, not too sweet, and great for folks like me (post-bariatric surgery) who need food that is palatable, easily digestible, with fiber but won't make you bloat."
23,B0019CW0HE,A3IMXZE9FCUNOC,Dana,1,1,5,1311638400,Better life for you dog!,Natural Balance Dry Dog Food Lamb Meal and Brown Rice Recipe did wonders for my Jack Russell. She has awful food allergy's and this food was our last hope because it was the last food we could find that didn't have SOMETHING in it that she was allergic to. She has no problem eating it dry but normally I mix the Natural Balance Dry Lamb and Brown Rice with the Natural Balance Wet Lamb and Brown Rice.. she seems to like that better. We started feeding it to our other dog (a Bichon) too and she loves it. If your dog has allergy's or stomach issue.. or if you want your dog to eat better food-- this is it! You will see a difference in your pet.
24,B0019CW0HE,A1EC57S6C2VLTL,"Lorraine ""Agelechio""",0,0,5,1347408000,Great Food,"Great food! I love the idea of one food for all ages & breeds. ÃŽt's a real convenience as well as a really good product.  My 3 dogs eat less, have almost no gas, their poop is regular and a perfect consistency, what else can a mom ask for!!"
25,B0019CW0HE,A1OGD72Y2Y26CF,Lisas201,0,0,5,1335398400,Great food for my my dog who has a sensitive stomach.,I have a standard poodle and pomeranian who both do wonderful on this food. I have switched them to a different food (due to price) a couple of times and end up going right back to natural balance.
26,B0019CW0HE,A7JWCYVPF7KCO,gare,0,0,5,1334966400,Great dog food,"This is great dog food, my dog has severs allergies and this brand is the only one that we can feed him."
27,B0019CW0HE,ABG53EBZBKD23,"J. Romagnoli ""*jroma""",0,0,5,1333929600,Mmmmm  Mmmmm good.,This food is great - all ages dogs.  I have a 3 year old and a puppy.  They are both so soft and hardly ever get sick.  The food is good especially when you have Amazon Prime shipping  :)
28,B0019CW0HE,A3AF72GP4GVRY1,John D. Meara,0,0,5,1330041600,Great Dog Food!,"My golden retriever is one of the most picky dogs I've ever met.  After experimenting with various types of food, I have found she loves natural balance.  What I really like about natural balance is the fact that it has multiple flavors in dry and wet varieties.  I mix her dry food with a little wet food and my golden loves it.  Furthermore, I do like mixing up the flavors each time as I think the same meal day over day might get a little boring, so I figured why not.  I tend to stay away from the fish type though as it smells...<br /><br />Additionally, I started purchasing off Amazon because Petco didn't have the wet food box and only had a couple of cans.  I came home and to my surprise realized that I could save $20 each time I bought dog food if I just buy it off Amazon.<br /><br />All in all, I definitely recommend and give my stamp of approval to natural balance dog food.  While I have never eaten it, my dog seems to love it."
29,B0019CW0HE,A1DJAAKLPCJRZD,wendy,0,0,5,1329609600,So convenient,This is the same food we get at pet store. But it's delivered to my door! And for the same price or slightly less.
30,B0019CW0HE,A1BFNM27629VAV,E. Triebe,0,0,5,1320105600,Good healthy dog food,I've been very pleased with the Natural Balance dog food. Our dogs have had issues with other dog foods in the past and I had someone recommend Natural Balance grain free since it is possible they were allergic to grains. Since switching I haven't had any issues. It is also helpful that have have different kibble size for larger/smaller sized dogs.
31,B0019CW0HE,A18AAABCIJKC5Q,Rhiever,0,0,5,1303776000,Great dog food,"My 1-1/2 year old basenji/jack russell mix loves this dog food. He's been noticeably healthier and more energetic since I switched him over from the standard dog foods earlier this year. Despite the higher cost of natural dog foods, I find that he eats significantly less of the Natural Balance dog foods and still stays happy and full. On the normal dog foods, he'd eat up to 3 cups of dog food a day (the recommended serving for his size), whereas he only eats about 1 cup to 1-1/2 cup of the Natural Balance dog food a day. When you take this into account, you're actually getting more ""bang for your buck"" with the natural dog foods since you don't have to buy as much to last just as long as the normal dog foods... and a healthier, happier dog, to boot! Add in the fact that you can get free, 2-day shipping with Amazon Prime... I'm sold!!"
32,B0019CW0HE,A3UII2114114PI,"FuNky Faja ""SiLkk""",0,0,5,1297296000,"Great allergy sensitive dog food, dogs love it",Our pup has experienced allergies in forms of hotspots and itching from other dog foods. The cheap 'you can buy it anywhere' food not only have crazy preservatives in them but can cause health problems for your pets.  This food works wonders on reducing allergies and our dog loves the food.<br />This message is RAMSEY FrAnkenSteiN approved.
33,B0019CW0HE,ABZ9F0D94YK45,Amazon-tron 3000,0,0,5,1295308800,Perfect for our English Bulldog with Allergies,"My English Bulldog had skin allergies the summer we got him at age 3.  The vet recommended we wean him off the food his previous owner gave him (Iams Lamb and Rice) and onto a new kind.  This was the second one we tried, and it has been working ever since.  It's for dogs that need a limited diet who can be sensitive to additives and proteins commonly found in commercial dog food (like chicken or beef)."
34,B00437JI8Q,A4TLHOUT1PHTL,Alison,0,0,5,1346198400,Can't find anywhere else!,"My fiance loves these dark chocolate and nut granola bars and all the grocery stores around us don't carry them anymore!  Once again, Amazon came through and he couldn't be happier."
35,B004K2IHUO,A1SYSKR79LA2CB,"Mycroft ""Virture is its own punishment""",4,5,5,1233014400,Taste wise it is a 6 star item,"The mouth says, ""How do I love thee, let me count the ways...""<br />If you like apple products a must have item.  The only draw back, shipping cost.  These are very heavy."
36,B004K2IHUO,A3D1TXE98KRKYO,"Danny ""The Student""",2,3,4,1256515200,Great Support,"Arrived slightly thawed. My parents wouldn't accept it. However, the company was very helpful and issued a full refund."
37,B004K2IHUO,AVCA516CFZ9HF,S. Fowler,0,0,4,1335139200,TART!,"The crust on these tarts are perfect.  My husband loves these, but I'm not so crazy about them.  They are just too sour/tart for my taste.  I'll eat the crust and hubby takes my filling.  My kids think they're great, so maybe it's just me."
38,B004K2IHUO,A1P21J0DMTVGS7,Lovethemovies,0,0,5,1332028800,Omaha Apple Tartlets,"These are absolutely scrumptuous!  My husband and I both love them, however, as another customer put it, they are expensive to ship!  The cost of shipping is more than the tartlets themselves are!"
39,B004K2IHUO,AL3E5V6MXO9B0,pionex1796,0,0,5,1326412800,Loved these Tartlets,What a nice alternative to an apple pie. Love the fact there was no slicing and dicing. Easy to prepare. I also loved the fact that you can make them fresh whenever needed.
40,B004K2IHUO,A2O9G2521O626G,Rachel Westendorf,0,0,5,1308700800,The best,I like Creme Brulee. I loved that these were so easy. Just sprinkle on the sugar that came with and broil. They look amazing and taste great. My guess thought I really went out of the way for them when really it took all of 5 minutes. I will be ordering more!
41,B004K2IHUO,A1ZKFQLHFZAEH9,"S. J. Monson ""world citizen""",2,8,3,1236384000,disappointing,not what I was expecting in terms of the company's reputation for excellent home delivery products
42,B001REEG6C,A30835UIR6F8KB,Adam E. Smith,2,2,5,1295308800,Wasting Vinegar on a Cucumber is a Shame!,"I first bought pickled asparagus at an Amish market and it was love at first bite. Hence, when I saw these on the discount rack at the local Safeway I cleaned it out.  These are even better than the ones from the Amish market. They are fantastic, and some of the jars have a bonus clove of garlic at the bottom. I'm going to order the six pack and I'm a household of one. They wont go to waste!"
43,B001REEG6C,A10EHUTGNC4BGP,M. Foell,1,1,5,1243728000,Asparagus Bliss,"I love asparagus.  Up until very recently, I had never had pickled asparagus.  Oh my goodness, when a friend introduced me to this exact brand, I couldn't believe how great stuff tasted.  I loved it so much I bought the six pack.  I've got 2 jars left.  Gonna need more!!"
44,B003OB0IB8,A56HS2VNURVJ0,"J. Espinoza ""jchav1980""",0,0,5,1343606400,Great spicy flavor,I really loved the spicy flavor these had.  I found myself liking the broth more than the noodles which is usually the opposite.  If you aren't used to the heat this might bother you and if you like hot hot foods this might not be enough.
45,B003OB0IB8,AOTEC8KEH8JGN,Seth S Moyers,0,0,5,1334880000,Great value and convenient ramen,"Got these on sale for roughly 25 cents per cup, which is half the price of my local grocery stores, plus they rarely stock the spicy flavors. These things are a GREAT snack for my office where time is constantly crunched and sometimes you can't escape for a real meal. This is one of my favorite flavors of Instant Lunch and will be back to buy every time it goes on sale."
46,B003OB0IB8,A1D0URD0AL237J,Mother of Pearl,0,0,5,1334620800,great flavor,i have bought allot of different flavors and this happens to be one of my favorites and will be getting more soon
47,B003OB0IB8,A2BZNXMV0LC7OE,Alanna,0,0,4,1333756800,"Tastes great, but is cheaper locally.","I love this flavor of ramen! I don't eat other flavors anymore because they taste too bland by comparison. For the convenience of having it delivered to my home (I have prime, so I get it in two days and don't have to pay for the shipping), the price on amazon isn't bad at all, but it is still cheaper to run down and pick up a case of this at the grocery store."
48,B002SRYRE8,A198FU6P1BVUNZ,Sarah,0,0,5,1349740800,Tastes awesome & looks beautiful,"The BEST investment I've ever made for ginger. It's unbelievable! It's fibrous like the real ginger, has that spicy kick to it, but it's perfect with the sugar - calms it down.  It's very worth the $40 for 5lbs of it!  I'll be getting more soon - I use these as a topper for my ginger cupcakes and cookies :)"
49,B002SRYRE8,A21E0OJ4DSKXNA,Smileface,0,0,5,1342051200,Happy Face,Delicious. I cannot get Australian ginger where I live. This compares favorably to Australian Ginger I've purchased in other cities. Now I can enjoy it without traveling.
50,B002SRYRE8,A1FJJQA34W0F4K,"Gettin Real ""gettin real""",0,0,5,1329177600,Simply the BEST!,"I keep trying other brands.... cheaper brands. Stupid me! This ginger IS soooo worth the money. Tender, moist and never a let down."
51,B002SRYRE8,A20PK3OCKRRSA5,Mrs. J. Todd,0,0,5,1268265600,Excellent Product/Life Saver,"My son has had acid reflux since birth and has been on every medication available with no improvement, Until an older gentleman came into his work place and told him about this product and I automatically ordered it for him. I was really not expecting any better results than the 1000 other things we have tried. What a surprise! He has not had any heartburn or symptoms since day 2 of starting eating one piece of this Ginger each morning. He can now eat anything and actually enjoy it. This product was a God send for him. Thank you all for it!"
52,B001GVISJW,ARS5Q7LR6HWPG,"N. Pine ""pcone""",0,0,4,1314489600,Nice snack,I bought this for our office to give people something sweet to snack on.  Because it's bite size it's easier for people to grab a couple a pieces rather than an entire licorice stick. My only complaint is that one of the bags broke open in shipping.
53,B001GVISJW,A2YIO225BTKVPU,"Angel_Boy ""Treat the people around you the wa...",0,0,4,1301788800,Good Licorice,Twizzlers brand licorice is much better than that other well known brand.<br />If you can get these for $2 to $2.50 a package with free s/h it's a good deal.<br />The black and cherry have good taste; but the strawberry taste was too delicate and barely there
54,B001GVISJW,A1ROND7G1QTOFY,Karon Dixon,0,0,5,1285804800,I love these!!!!!!!!,"I love these.........very tasty!!!!!!!!!!!  Infact, I think I am addicted to them.<br />Buying them in packs of 6 bags - is very reasonable than going to Target and getting a bag.  Savings are about a $1.00 a bag.  I use subscribe and save on these and several other product.  I love subscribe and save!!!!!!!!!!!"
55,B001GVISJW,A1Z54EM24Y40LL,c2,0,0,5,1269129600,Great for the kids!,"If you are looking for a less messy version of licorice for the children, then be sure to try these!  They're soft, easy to chew, and they don't get your hands all sticky and gross in the car, in the summer, at the beach, etc. We love all the flavos and sometimes mix these in with the chocolate to have a very nice snack! Great item, great price too, highly recommend!"
56,B0064KO0BU,A104Y49ZQ4CYJ2,"H. Adams ""hollya""",0,0,5,1344816000,Worked great!,"I purchased as a giveaway for a baby shower with Jungle theme! They worked out perfect for 25 small bags of candy. I purchased 5#. If you want more than 25 small bags, I would purchase a larger bag."
57,B001IUKD76,A2KVCXTQVN18KI,"A. Martin ""tony_fourbu""",3,3,5,1283299200,Ricore forever,"I have drunk Ricore since my mother allowed be to drink caffeine. I love this stuff in milk.<br />It's much smoother and tastier than instant coffee with milk. I am French and live in the US,<br />and bring back boxes of Ricore at every opportunity. Savora is another hidden gem you can bring<br />back. Check it out."
58,B001IUKD76,A2K8UBI64T0BM8,A. Carriglio,3,3,5,1262131200,Delicious!,"I first had this drink when my mother brought it back with her from a visit to her home in Brittany France and thought it was delicious!  I wish it were a bit cheaper but other than that, I love this product!"
59,B0081XN2HQ,A3HUV0ZQPXO3V7,Pink Dandy Chatter,0,0,5,1344902400,"Fluffy, Soft, Delicious and Sugary Sweet","I couldn't wait to try the 8&#8243; Cinnamon Coffee Cake because it is made with fresh eggs, creamy sour cream, Madagascar Bourbon Vanilla and is topped and filled with cinnamon streusel. This 8&#8243; Cinnamon Coffee Cake is available online for only $18.95. Now, I have had my fair share of cinnamon coffee cakes, but, let me just tell you that the FantasiCakes Cinnamon Coffee Cake really ""takes the cake"" with size, price, quality and taste.<br />The cake arrived very fast and was carefully packaged so that it arrived in almost perfect condition. It also comes with a large tub of white icing that you can drizzle over the top, before serving. I couldn't believe how large the size was and it actually fed my family of 5 for us to enjoy during breakfast, for three days. The cake itself is thick and almost has a solid but sponge cake type consistency that is really moist and very filling. The flavors are to die for with the sticky cinnamon outside and sweet cinnamon and vanilla swirled throughout the inside of the cake. The icing really tops it off beautifully and gives it that moist and sticky sweet flavor. Pair the cake with your morning coffee and you've got the perfect breakfast treat!"
60,B0025VRCJY,A3PPOTV6659ATF,Jerald,5,6,4,1280793600,Great but not as good as it was back in the day as a teen,I used to love these growing up and stopped drinking water and lemon juice from this brand about 5-6 years ago. This stuff used to be so strong i used to just pour some in my mouth and get that alive feeling going. It feels like the product went through changes which added more water or something to make it not so strong. The stronger it is the less you use as well. The product is still really good but the taste is the same quality as the cheaper brand names almost. I thought  these would go fast but hey all lemon stuff i love unless it goes bad. This is a good product just wish it still had that hit me in the mouth chug sensation it used to be like.
61,B0025VRCJY,A2VYRRDJN2UKWB,"Dario Quinonez ""aprilkid""",1,1,5,1299974400,EXCELLENT LEMON JUICE,"One of the best lemon juice that I have tried. I am recurring customer due to the high quality of this product. When the season for fresh lemos is out, this one supplement our need for the citrus on the kitchen or refreshments.<br /><br />I will continue buying it."
62,B0025VRCJY,A2ACUGNVT36JYX,Lyannah,0,0,5,1325203200,Great Product,This lemon juice is a must in my kitchen year-round. It has a powerful flavor and you don't need much of it to zest up a dish. I add a spritz of it to my water nearly every day.<br /><br />I will buy this product again and again.
63,B0025VRCJY,A3F8JQ5J29GWUV,qv240,0,0,5,1315526400,Handy,"Fast delivery and good product. This is the same lemon juice concentrate you can find in stores and it's really handy to have around to add to sauces, dressings, etc. Such a pain to squeeze fresh juice everytime you need it, nevermind having the lemons on hand to begin with."
64,B0025VRCJY,A3L9ZT7SRJYLVH,"JDTexan ""JDTexan""",0,2,4,1293926400,ReaLemon Juice from Amazon.,"This is not as good as the Frozen Lemon juice, but it is good. It has a slightly odd flavor, perhaps from a preservative. Sure wish I could order the frozen juice!"
65,B005CJVVJ8,A3O8ZE8BHREE0W,Tom Falcon,8,8,4,1314316800,"relaxing, almost like something you smoke","Couldn't believe it when told how relaxing this beverage was. Seriously, drink it only if you are getting ready for a nap or bedtime. If you have plans to drive or perform any other activity not recommended.<br /><br />I feel my arms and legs almost tingle with relaxation. After a short time my eyes start to get droopy and I am in another place.<br /><br />Love this stuff."
66,B005CJVVJ8,A3BSTFFIKK5YTW,"BOATS99 ""BOATS99""",6,6,4,1327968000,Never paid that much !,I bought these at Grocery Outlet here in the Seattle Tacoma are for $4.00 a case of tweleve not paying $38.00 Yes 3 for a dollar. I like the taste not great but not bad either low calorie will buy more but not at this whacked out price.
67,B005CJVVJ8,A3F44FUPG97AA9,Monie,1,1,5,1339545600,Marley's Mellow Mood Lite - Half Tea Half Lemonade,"This is an great product. The taste is great, and it works exactly as described. Superb natural sleep aid. AMAZING!"
68,B001KUUNP6,A317BY3IPZ83MJ,"James G. Colet ""psychocarp""",3,3,5,1235520000,Garbonzo  Bean Flour,This  is great stuff.  Made some really tasty banana bread.  Good quality and lowest price in town.
69,B001KUUNP6,A18VJ0WOQAIZYD,Ean Behr,0,0,5,1337299200,yum falafel,"We had trouble finding this locally - delivery was fast, no more hunting up and down the flour aisle at our local grocery stores."
70,B000NY8ODS,A1IU7S4HCK1XK0,Joanna Daneman,2,2,5,1333843200,"Make a fresh fruit tart, light and beautiful","This packet of glaze is the secret to making those European style fresh fruit tarts. I am about to make one for a pie auction at church, after a friend requested that something ""strawberry"" should be offered. You can make the most amazing and relatively ""healthy"" fruit tarts by baking a base, layering it with uncooked, fresh, sliced fruit, then pouring over the made-up contents of one of these packets. They harden up at room temperature, hold the fruit together so you can slice the tart, and they let the beauty of the arranged fruit show through. I've also seen this glaze used over cheesecakes, to hold a fruit topping in place. Personally, I do not like cheesecake (too rich for me) but a fruit glazed cheesecake is gorgeous, I will admit. To do this, slice fruit and layer it on the cheesecake while it's still in the springform pan. Pour on the glaze, let it set up and then remove the springform. You'll have a clear layer of fruit on top of the cheesecake. Cherries, strawberries or sliced mangos are nice, but the best one I ever had used thin slices of lemons, that had been gently poached in sugar syrup before they were layered on the cake.<br /><br />I use a base of sponge cake, baked in a shallow form, but other bases can be pate sucre  (a kind of French pastry that is a bit like a sugar cookie) that works well in those fluted, straight-sided forms. You can also make mini-tarts in a muffin pan, pre-baking each mold with a layer of pie crust (even commercial crust works, though again, I prefer pate sucre, it holds its shape better and is more substantial and has a better crumb.) Just blind-bake the muffin tins lined with pate, then pop them out and fill with fresh fruits (berries are great) and pour over the glaze. Some people put a layer of creme patisserie, which is a pastry cream like custard but stabilized with flour,  below the fruit and I happen to think these taste best.<br /><br />If you get into baking, this glaze is a must-have on the shelf. The ingredients are vegan: tapioca starch, carrageenan, dextrose, cream of tartar, locust bean gum, so if you are looking to make a vegan tofu cheesecake, you can use this on top, as well as use it for fruit tarts with a nut crust base."
71,B00029XIZI,A2S72TUJDQUBMH,Nadia,0,0,5,1236124800,Miracle,"My Scotties were full of hot spots and when I used this within a week all the hot spots were gone. The smell is kinda strong, but not bad. It's tolerablel."
72,B004V6AH34,ATX44LVZL5JFV,Silvy,1,1,4,1314403200,not bad for instant healthy coffee,"I bought this coffee because its much cheaper than the ganocafe and has the organic reishi mushroom as well as other healthy antioxidants.  I didn't expect it to taste good, but it actually does!  I've only had it for a few days and for $5 its totally worth it.  My sisters all take ganocafe but now I'm introducing them to this less expensive similar coffee.  I will follow up on this product in a few weeks.  :)"
73,B0028C44Z0,A3VAYCK681VZZO,Optimus,0,0,5,1320710400,Love these! And reusable containers,"I love, and use the empty containers for medicine/advil in my purse, desk, suitcase. Also line with felt to keep earrings. Perfect little size to disguise small valuables when traveling and LOVE the mints. Tiny and powerful without burning my mouth."
74,B0028C44Z0,A3TIC20I6XI297,dog lover,0,0,5,1320451200,Altoids,Received as shown. My mother in law likes these and Walgreens quit carrying them. It was great i could get them on Amazon.
75,B0028C44Z0,A2Q8F5N7HQXWDW,Bell Girl,0,0,4,1316908800,A huge hit at the office!,"I keep a case of these in my office and always have at least a tin or two on my desk for visitors to help themselves to. Some folks stop by just to grab some mints and others pop them like candy while we meet. When I find someone who keeps coming back for more I just give them their own tin! One co-worker asked me to save the tins for her so she could use them as pillboxes and safety pin boxes. Like I said, theyre a real hit. Since I wouldn't be able to keep my hands off a candy dish, this is a good alternative to have around and it's nice to have them around if I have garlic for lunch! I gave the item 4 stars because they aren't as tasty as the sugar version of the mints  but what sugar free item is as good as it's full sugar counterpart?) and because of the fact that each tin is wrapped in plastic which seems like a waste and is irritating to remove (although I totally get why they wrap it - it still doesn't make it easy to deal with)."
76,B0028C44Z0,A2RMYCQIST622H,Dan,1,2,5,1322438400,"Love 'em, they're great!","The tiny Altoids are great for a quick breath freshening and the small box is great for portability. It's full, but compact.<br /><br />I haven't run out yet, and probably won't for a couple months, but I can't wait to buy it again."
77,B0028C44Z0,A27D5IRAIGLOG5,Texan Gal,1,2,5,1271635200,Love these!,"I loved these Wintergreen Altoid Smalls so much, I had to come write a review. The packaging is small for convenience, and the Altoids are smaller as well with a square shape, blue hue, and even more delicious taste in my opinion. I definitely prefer them over the regular-size Altoids and will continue purchasing them! Highly recommended!"
78,B0028C44Z0,A5F7YR0G7H9HR,Ma J. Vargas PeÃ±a,0,1,5,1315180800,fresh!,Fresh scent and taste. Easy to eat one tin in few hours. I use them as favors and everyone loved them.
79,B0028C44Z0,A2E0MNOYZI00VW,Deborah Laux,1,3,5,1314662400,Wintergreen Me,"Hard to find the wintergreen smalls [sugar free] as stores only have the red smalls [peppermint --such a common flavor]. The wintergreen is refreshing and absolutely delicious. Driving cross country, if someone cuts me off, I turn to my daughter with my hand out and say ""Wintergreen Me!"" She pulls one out, puts it in my hand, and all is right with the world."
80,B001EO5ZMO,AW497M5SEXAPQ,Neal Pollack,5,5,5,1266105600,Ahmad Loose Imperial Blend Tea is great for the price,"A friend who'd been drinking tea for 80 of his 84 years introduced me to this tea a few months ago. Even took me over to the store and bought me a pound. At $7/lb. in a retail store or a little over $9 with shipping from an online merchant, I think it's great. I've been drinking Earl Grey, English Breakfast, Irish Breakfast, Lapsang Souchong, Assam, etc. Most of them were over $30/lb. with shipping. Aside from the Lapsang Souchong, I think this is a great replacement for all the rest. Has everything I'm looking for in a strong, full-bodied black tea with enough character to keep it from becoming boring. My current favorite afternoon tea. Unless you're extremely jaded or a tea snob, you'll love it."
81,B001EO5ZMO,A3KQ1480MHXXCW,M'ville,3,3,5,1272412800,Nice tea,"I love strong, full bodied quality tea and typically drink assam, irish breakfast or early grey tea, but as the other reviewer noted the price per pound can be discouraging. So I have been searching for a quality full bodied tea that wasn't bitter at a more palatable price point, and this certainly fits the bill. And unlike some other teas where they tend to be better in one form or another, i.e. iced vs. hot, this tea is excellent in both forms. I would certainly recommend this to anyone who prefers that smooth full bodied quality tea that doesn't cost an arm and leg."
82,B001EO5ZMO,A8D27L5Q5BLRC,K. Kwan,0,0,5,1350864000,A fragrant tea,"I drink this tea plain (without sugar or milk), and it has a pleasant aroma.<br /><br />The price from Amazon is cheaper than my local grocery store.  One reviewer is right, I think it has some herbal smell to make up the aroma.  So the label ""Imperial Blend"" kind of implied the herb.<br /><br />I am not exactly a black tea drinker, so this tea is a surprise, and affordable too.  I usually prefer White Chinese tea, like White Peony, but it is more expensive, and requires lower temperature water.  But this is black tea, and this aroma kind of remind me the 'softness' of white tea."
83,B001EO5ZMO,A1C5SHU81SRARN,Sophia T,0,0,5,1310688000,Best Ahmad Tea,"I've tried a variety of Ahmad tea. Not because I particularly like this brand, but they are just easier to come across.  The Imperial blend, I believe, is the most complex yet well balanced of all the ones I've tried. It's full body like a good cup of Assam, which by no means overpower the delightful, clean taste of Darjeerling, complete with a long lasting note of bergamot. I enjoy it best in the evening. It gives a satisfying and relaxing finish to a busy day.<br /><br />For those interested in the specifics: I use about 3 teaspoons of lose tea in a stainless steel infuser in a 16 oz mug, let it steep in 208F water for 2-3 min, take the infuser out, and drink it without sugar or milk to savor its sophistication."
84,B001EO5ZMO,A3JP1UJAF8YY0F,Irish Stu,0,0,5,1308009600,My favorite tea,"I have tried literally dozens of teas since being introduced to the Russian custom of preparing and drinking tea, and the Ahmad Imperial blend is probably my favorite of all of these due to the fact that it is equally delicious hot or iced.  I buy the three-packs as needed from Amazon and go through them rapidly. My family loves it and my friends have it in their homes now too, try one box of it and you will love it too."
85,B001EO5ZMO,A8XEEORIXJNZL,Joseph Emmanuel,0,1,5,1330819200,Best tea ever!,This is an excellent tea.  One of the best I have ever had.  It is especially great when you prepare it with a samovar.
86,B001EO5ZME,AF72GTWZGAC61,Pinkhat,0,0,5,1330387200,Great tasting green tea and such a great deal.,"A very delicate green tea with a smooth light taste and an subtle floral tones and no bitter aftertaste.<br /><br />In the 20+ years we have been drinking Ahmad teas not even once have we been disappointed. The superb quality of Ahmad teas has remained consistent throughout the years.<br /><br />I am so happy to find Ahmad teas available here (thanks Amazon!) because only a few stores carry it in my area and they are quite a few miles away. The current deal for the pack of 6 is superb (much cheaper than I can find locally).<br /><br />This is a great tasting tea, which I am happy to recommend."
87,B0093NIWVO,A1JT114SOITFFO,Dan & Eileen,0,0,5,1350691200,OMG best chocolate jelly belly,"Fresh,a great way to get a little chocolate in my life without a million calories. They taste just like chocolate pudding."
88,B001EO5ZMY,AF72GTWZGAC61,Pinkhat,3,3,5,1330732800,Excellent loose tea.,"If you like the Ceylon tea variety, you will certainly enjoy and appreciate this tea.<br /><br />I am so happy to find Ahmad teas available here (thanks Amazon!) and very surprised at the negative review from 2009 because in the 20+ years we have been drinking Ahmad teas not even once have we been disappointed. The superb quality of Ahmad teas has remained consistent throughout the years.<br /><br />The current deal for the pack of 4 is very good (cheaper than I can find locally).<br /><br />Highly recommended.<br /><br />NOTE: This listing's description is confusing. Each packet of tea weighs 500 grams, which equals 1.1 pounds or 17.6 ounces."
89,B001EO5ZMY,AOSK1PLKNT64,Mrclouky,1,1,5,1323820800,Good anytime hot tea,"I've been enjoying this tea for years.  This tea is good mornings, afternoons or evenings.  My local store went out of buisiness....Thanks Amazon!  I use a bodum tea press to prepare a pot."
90,B001EO5ZMY,A1DAHZRJTX5X1Z,Erfan,1,1,5,1302739200,My everyday cup of Tea,"Hi, I have to have black tea everyday. I have done it in the past 25 years and it's a habit of mine. Ahmad tea is one of my favorite brands and I highly recommend it if you like black tea. I think this is going to remain my favorite for the next 100 years or so :)"
91,B001EO5ZMY,A7WE8ZWEJG34E,Kapitoshka,2,3,4,1272499200,This is what you get in the store,I have tried it out despite the other review and I found that this is exactly the same tea i buy in either Russian or Italian groceries.
92,B001EO5ZMY,A1W4LZ4VZDF29Y,"Guy S. Painter ""gspainter""",0,0,4,1275091200,Ahmad Tea,Ahmad Tea is an excellent looseleaf tea eith hot or for making iced tea. Great flavor with no lingering aftertaste.
93,B000HKYP9A,AEIAXBIMAO9T0,"Heidi ""Hydez54""",0,0,4,1168473600,Love the Fresh Food Feeder!!,"This product is amazing. I know a few people with little ones that use these and they LOVE them!! Super easy to clean and use. When ordering these, I was under the impression that there were 2 per package...FYI-they're not!! Only one per..."
94,B00067AD4U,A2OB1BFAEPAYBM,R. C. Wilkins,1,1,5,1207440000,Great Beans!!!,I ordered these for my coffee themed wedding. When they arrived I had to fight off friends because they smelled and tasted so good. I literally had to hide the box to the wedding! They were a big hit on my wedding day and there were none left over that we put on the tables. It was a great tasting product for the lowest price I've seen!
95,B00067AD4U,A3GT3KCGY9EYF4,Siri J,1,1,5,1198195200,Good stuff!,"""These are delicious! The chocolate is excellent and the espresso bean was the perfect roast for this purpose. Crunchy and not bitter.""<a href=""http://www.amazon.com/gp/product/B00067AD4U"">Chocolate Covered Espresso Beans 5 Pounds</a>"
96,B00067AD4U,A2LYOWC3FC73XK,"Michael Ekstrum ""expresso bean fan""",1,1,5,1178928000,excellent - exactly what I expected,"The product was exactly as advertised and fresh.  Unfortunately, I keep them in a candy dish in the office and they are going fast.  We need to reorder to keep up with ""demand"""
97,B00067AD4U,A7DSY3M6P6RG3,taza052007,0,0,5,1181692800,These are the Best!,"These chocolate covered espresso beans are wonderful!  The chocolate is very dark and rich and the ""bean"" inside is a very delightful blend of flavors with just enough caffine to really give it a zing."
98,B0029OWDAU,A1DTDSL1J6C05F,"Heartsinohio ""Heartsinohio""",0,0,5,1347667200,Love Love Love,"Popchips are so good.  I have been following Weight Watchers and lost 50 pounds and am at my goal.  These Popchips are my salty crunchy indulgence.  They taste so  good,"
99,B000SEJ84M,A19Y7MSOR2J7XP,G. Macleod,0,0,5,1258588800,The product is great but the price is out of line,"I've purchased dozens of bags of this pancake mix (which is a great product, by the way).  This is the highest price I've seen.  Whole Foods carries this item and it's been on sale there for $9.99 (that's Canadian dollars, too, as I'm in Canada).  It's even cheaper on Baker's Box's own website, and they're the company selling this product through Amazon. For a two-pack they should be charging $20 or less.  What gives?  I thought Amazon was where you could find competitive prices."
100,B001LMNXFA,ATBV3QRAVD2PJ,"Michelle L. West ""Paisleymll""",3,3,5,1280361600,Swedish Pearl is not the same as  Belgian Pearl,"The Sugar was sweet, that can not be denied.  As advertised, It didn't melt when baked either.  However, it will not do for your Liege Waffles/Gaufres what the larger pebbles of Belgian pearl will do.  These grains are smaller, think pretzel salt, or seed pearls."
101,B001LMNXFA,A226DRVTNFWM28,"Proud Mom of Two ""Bigounets""",2,2,5,1291680000,Perfect!,"That's exactly what I was looking for to bake some chouquettes (puffs with small sugar pearls on top). Works great, yum!!"
102,B002J2DO8W,ASIAOU4JW8LUG,K. Gohokar,0,0,5,1331596800,great taste,This is what I was looking for and was missing it. The taste is exactly the taste as the one made in India so just loved it and remember my days back in India. Definitely recommend it.
103,B000U9V5AU,A2VOVLKP603R1T,D. J. Brown,7,7,5,1297468800,Taste-tested by a wine maker,"I bought this strawberry extract hoping to spruce up a strawberry wine that ended up with less flavor than I'd original expected. (A common problem in some fruit wines.)<br /><br />This is, indeed, good strawberry flavor!  Just add to your sugary concoction (be it a baking good, a dessert or a drink) to either give strawberry flavor (or add to existing flavor), and presto, just about everyone will be licking their lips (and maybe fingers).<br /><br />For those interested, I found the right addition to a liquid volume to be 4 oz of extract per 1 gallon of liquid."
104,B001SB099M,A2XADCFYDXH7IV,Thomas A. Johnson,1,1,4,1320969600,Excellent Everyday Olive Oil,"Great stuff and dependable, especially when there are a million brands ""out there"" to choose from.  I love the stuff.  For really high end desires, I go with the Apollo Olive Oils from California.  But I buy a whole lot more of this stuff and will buy it again and again."
105,B0041QJSJS,A1KZUXE70GYNGO,talonmedic,0,0,4,1347926400,"Love Weavers, I am a fan.","I hadn't tried (or heard of) till recently Weavers not it's my favorite. I am running through the list of types they have looking for a favorite and haven't found one yet, they're all so darned smooth. No bite, no after taste, a little pricy but still worth it. No worse price wise than starbucks or peets. Will keep running through the list here and see what happens. Love them all so far."
106,B0041QJSJS,A221AFCU6AE0QO,Sarah Bowman,3,5,5,1318204800,Make My Day,"Having always been a strict Peet's Coffee lover, I was reticent to switch brands but Weaver's won my heart!! The taste is clean and strong, the ethos is correct (organic, baby) and even the packaging is very zen and appropriate. Be still my caffeinated heart!"
107,B0041QJSJS,A2BAVWMHL130WY,Bruce L. Ishimatsu,2,4,5,1318723200,Treat yourself to the best coffee!,"Go ahead and drink the other brands served at your neighborhood cafe if you must but make sure you have a stash of Weaver's Peru Organic Whole Bean at home to serve up to your friends and family who deserve the best coffee.  And when you go back to that corner cafe where people drink average coffee because they don't know better, take along a travel mug filled with Weaver's coffee from home and enjoy a real Cup of Joe.  Er, Weaver's."
